date, pm25, pm10, o3, no2, so2
01/09/2024,45,24,43,5, 
02/09/2024,37,19,21,6, 
03/09/2024,33,10,22,6, 
04/09/2024,24,23,46,3, 
05/09/2024,45,37,43,4, 
06/09/2024,60,15,39,5, 
07/09/2024,25,13,34,3, 
08/09/2024,17,12,31,9, 
09/09/2024,15,14,25,3, 
10/09/2024,26,16,27,3, 
11/09/2024,24,6,16,5, 
01/08/2024,28,14,46,2, 
02/08/2024,32,23,28,3, 
03/08/2024,40,13,28,1, 
04/08/2024,19,17,35,3, 
05/08/2024,39,20,47,4, 
06/08/2024,35,14,34,3, 
07/08/2024,15,16,40,3, 
08/08/2024,24,13,32,2, 
09/08/2024,17,18,32,3, 
10/08/2024,24,18,38,3, 
11/08/2024,20,17,79,3, 
12/08/2024,33,27,38,6, 
13/08/2024,37,20,18,8, 
14/08/2024,27,18,31,4, 
15/08/2024,32,12,19,3, 
16/08/2024,10,12,38,2, 
17/08/2024,20,14,38,3, 
18/08/2024,40,17,38,5, 
19/08/2024,39,19,30,5, 
20/08/2024,47,13,28,2, 
21/08/2024,21,18,33,4, 
22/08/2024,29,14,30,3, 
23/08/2024,22,15,28,7, 
24/08/2024,18,12,27,10,2
25/08/2024,36,15,31,9, 
26/08/2024,33,20,43,6, 
27/08/2024,46,24,51,7, 
28/08/2024,57,21,37,8, 
29/08/2024,44,12,34,3, 
30/08/2024,32,16,31,1, 
31/08/2024,41,18,44,2, 
01/07/2024,19,11,26,2, 
02/07/2024,23,11,29,4, 
03/07/2024,17,15,32,5, 
04/07/2024,25,17,27,2, 
05/07/2024,36,13,32,3, 
06/07/2024,19,13,24,2, 
07/07/2024,20,12,30,4, 
08/07/2024,21,18,43,4, 
09/07/2024,30,13,28,4, 
10/07/2024,16,12,30,3, 
11/07/2024,20,8,22,2, 
12/07/2024,16,8,25,2, 
13/07/2024,9,13,36,3, 
14/07/2024,26,11,43,4, 
15/07/2024,30,14,29,2, 
16/07/2024,17,11,33,2, 
17/07/2024,22,15,46,3, 
18/07/2024,43,20,50,5, 
19/07/2024,45,19,61,4, 
20/07/2024,40,14,25,4, 
21/07/2024,25,14,31,3, 
22/07/2024,21,12,26,2, 
23/07/2024,13,14,29,1, 
24/07/2024,17,16,33,4, 
25/07/2024,30,13,28,3, 
26/07/2024,21,12,30,4, 
27/07/2024,24,13,34,2, 
28/07/2024,24,13,47,2, 
29/07/2024,30,19,58,4, 
30/07/2024,38,16,45,2, 
31/07/2024,33,12,31,2, 
01/04/2024,27,11,32,5, 
02/04/2024,28,12,33,5, 
03/04/2024,28,18,37,3, 
04/04/2024,31,17,32,4, 
05/04/2024,34,13,34,5, 
06/04/2024,33,11,38,2, 
07/04/2024,25,14,34,7, 
08/04/2024,40,11,33,3, 
09/04/2024,27,14,36,3, 
10/04/2024,40,9,30,4, 
11/04/2024,37,12,25,4, 
12/04/2024,56,10,33,3, 
26/04/2024,16,10,27,3, 
27/04/2024,36,8,35,2, 
28/04/2024,21,11,36,6, 
29/04/2024,37,12,41,5, 
30/04/2024,45,29,38,5, 
01/05/2024,62,31,42,4, 
02/05/2024,63,29,29,4, 
03/05/2024,42,12,33,5, 
04/05/2024,44,10,38,2, 
05/05/2024,32,11,41,3, 
06/05/2024,39,14,42,1, 
07/05/2024,38,11,34,2, 
08/05/2024,39,13,38,3, 
09/05/2024,47,17,41,3, 
10/05/2024,59,13,40,2, 
11/05/2024,48,13,52,2, 
12/05/2024,49,13,40,3, 
13/05/2024,44,17,48,5, 
14/05/2024,41,17,25,5, 
15/05/2024,51,14,33,4, 
16/05/2024,45,21,32,6, 
17/05/2024,61,24,41,5, 
18/05/2024,56,25,47,2, 
19/05/2024,54,16,36,1, 
20/05/2024,39,13,41,4, 
21/05/2024,39,12,36,3, 
22/05/2024,34,15,34,3, 
23/05/2024,43,20,26,7, 
24/05/2024,56,9,35,2, 
25/05/2024,40,14,30,3, 
26/05/2024,38,12,32,3, 
27/05/2024,27,11,33,3, 
28/05/2024,30,10,29,2, 
29/05/2024,24,11,34,5, 
30/05/2024,32,13,37,1, 
31/05/2024,31,22,32, , 
01/06/2024,43,21,40, , 
02/06/2024,55,13,32,2, 
03/06/2024,41,17,35,5, 
04/06/2024,51,13,30,2, 
05/06/2024,38,19,31,6, 
06/06/2024,55,20,32,6, 
07/06/2024,57,14,29,3, 
08/06/2024,39,12,30,2, 
09/06/2024,35,9,26,5, 
10/06/2024,25,13,30,2, 
11/06/2024,21,7,32,2, 
12/06/2024,12,11,38,4, 
13/06/2024,37,11,27,4, 
14/06/2024,28,11,29,2, 
15/06/2024,15,12,28,1, 
16/06/2024,19,13,36,3, 
17/06/2024,25,13,21,7, 
18/06/2024,27,11,34,1, 
19/06/2024,17,10,34,2, 
20/06/2024,26,13,26,3, 
21/06/2024,29,14,31,3, 
22/06/2024,32,14,37,4, 
23/06/2024,27,13,47,3, 
24/06/2024,30,17,53,3, 
25/06/2024,35,22,52,3, 
26/06/2024,36,24,61,6, 
27/06/2024,46,16,32,2, 
28/06/2024,24,15,42,4, 
29/06/2024,27,10,33,1, 
30/06/2024,19,10,28,1, 
01/01/2024,45,10, ,3, 
02/01/2024,19,15, ,3, 
03/01/2024,26,11, ,7, 
04/01/2024,24,7, ,6, 
05/01/2024,27,7, ,2, 
06/01/2024,34,9, ,2, 
07/01/2024,47,9, ,2, 
08/01/2024,44,9, ,4, 
09/01/2024,43,13, ,8, 
10/01/2024,58,23, ,14, 
11/01/2024,80,9, ,9, 
12/01/2024,44,13, ,7, 
13/01/2024,55,17, ,6, 
14/01/2024,62,9, ,5, 
15/01/2024,20,12, ,9, 
16/01/2024,36,26, ,17, 
17/01/2024,71,16, ,19, 
18/01/2024,40,12, ,11, 
19/01/2024,42,20, ,11, 
20/01/2024,72,10, ,4, 
21/01/2024,53,20, ,3, 
22/01/2024,31,21, ,5, 
23/01/2024,40,26, ,4, 
24/01/2024,43,30, ,12, 
25/01/2024,57,16, ,4, 
26/01/2024,37,23, ,14, 
27/01/2024,59,22, ,12, 
28/01/2024,66,20, ,14, 
29/01/2024,65,13, ,7, 
30/01/2024,44,11, ,6, 
31/01/2024,36,24, ,8, 
01/02/2024,43,17, ,7, 
02/02/2024,50,14, ,7, 
03/02/2024,41,12, ,5, 
04/02/2024,32,29, ,6, 
05/02/2024,47,24, ,4, 
06/02/2024,45,16,9,9, 
07/02/2024,33,15,23,11, 
08/02/2024,47,11,22,6, 
09/02/2024,27,12,15,7, 
10/02/2024,30,14,20,6, 
11/02/2024,39,14,22,10, 
12/02/2024,38,14,25,9, 
13/02/2024,42,9,26,4, 
14/02/2024,20,11,19,6, 
15/02/2024,22,11,15,8, 
16/02/2024,21,11,21,10, 
17/02/2024,45,11,25,3, 
18/02/2024,32,18,25,8, 
19/02/2024,34,22,25,7, 
20/02/2024,46,11,24,4, 
21/02/2024,31,10,32,4, 
22/02/2024,15,8,30,3, 
23/02/2024,24,6,26,5, 
24/02/2024,33,8,27,3, 
25/02/2024,32,8,24,3, 
26/02/2024,35,11,25,6, 
27/02/2024,40,16,19,14, 
28/02/2024,61,11,21,6, 
29/02/2024,42,7,28,3, 
01/03/2024,26,8,35,2, 
02/03/2024,21,11,29,5, 
03/03/2024,36,10,33,5, 
04/03/2024,25,24,15,15, 
05/03/2024,64,23,20,10, 
06/03/2024,73,24,23,5, 
07/03/2024,76,26,30,3, 
08/03/2024,75,21,25,5, 
09/03/2024,68,21,25,4, 
10/03/2024,69,28,17,6, 
11/03/2024,80,25,22,5, 
12/03/2024,74,9,24,5, 
13/03/2024,39,11,24,6, 
14/03/2024,34,14,33,3, 
15/03/2024,32,16,34,4, 
16/03/2024,37,12,21,6, 
17/03/2024,55,15,31,5, 
18/03/2024,43,14,29,9, 
19/03/2024,46,21,30,10, 
20/03/2024,56,13,27,7, 
21/03/2024,48,23,24,7, 
22/03/2024,62,16,33,5, 
23/03/2024,38,13,30,1, 
24/03/2024,30,18,32,6, 
25/03/2024,39,14,23,8, 
26/03/2024,46,12,31,5, 
27/03/2024,34,10,33,4, 
28/03/2024,29,8,33,3, 
29/03/2024,24,6,31,4, 
30/03/2024,20,13,29,4, 
31/03/2024,42,9,31,4, 
01/10/2023,30,19,22,10, 
02/10/2023,33,18,26,5, 
03/10/2023,31,14,22,4, 
04/10/2023,10,14,24,5, 
05/10/2023,6,17,26,6, 
06/10/2023,16,17,30,4, 
07/10/2023,13,16,20,4, 
08/10/2023,18,18,21,9, 
09/10/2023,25,22,9,10, 
10/10/2023,38,29, ,5, 
11/10/2023,27,18, ,7, 
12/10/2023,15,20, ,4, 
13/10/2023,17,16, ,3, 
14/10/2023,9,7, ,3, 
15/10/2023,10,10, ,7, 
16/10/2023,13,12, ,5, 
17/10/2023,14,10, ,4, 
18/10/2023,27,12, ,6, 
19/10/2023,13,10, ,6, 
20/10/2023,21,10, ,3, 
21/10/2023,5,9, ,3, 
22/10/2023,8,13, ,8, 
23/10/2023,15,9, ,5, 
25/10/2023,24,10, ,8, 
26/10/2023,26,13, ,10, 
27/10/2023,28,12, ,5, 
28/10/2023,20,9, ,1, 
29/10/2023,14,11, ,5, 
30/10/2023,13,10, ,7, 
31/10/2023,22,11, ,7, 
01/11/2023,10,8, ,1, 
02/11/2023,10,10, ,3, 
03/11/2023,13,8, ,3, 
04/11/2023,18,10, ,3, 
05/11/2023,14,9, ,4, 
06/11/2023,14,10, ,6, 
07/11/2023,16,11, ,5, 
08/11/2023,20,12, ,5, 
09/11/2023,19,8, ,6, 
10/11/2023,23,9, ,6, 
11/11/2023,23,13, ,9, 
12/11/2023,47,18, ,5, 
13/11/2023,37,26, ,4, 
14/11/2023,32,15, ,4, 
15/11/2023,14,10, ,9, 
16/11/2023,25,17, ,15, 
17/11/2023,51,11, ,8, 
18/11/2023,49,23, ,2, 
19/11/2023,32,16, ,7, 
20/11/2023,20,11, ,11, 
21/11/2023,33,12, ,10, 
22/11/2023,57,12, ,6, 
23/11/2023,28,14, ,1, 
24/11/2023,23,15, ,4, 
25/11/2023,24,12, ,9, 
26/11/2023,30,8, ,7, 
27/11/2023,29,7, ,6, 
28/11/2023,33,8, ,8, 
29/11/2023,24,14, ,14, 
30/11/2023,54,13, ,6, 
01/12/2023,61,23, ,11, 
02/12/2023,76,16, ,8, 
03/12/2023,70,12, ,9, 
04/12/2023,54,12, ,6, 
05/12/2023,59,16, ,15, 
06/12/2023,50,13, ,14, 
07/12/2023,57,19, ,11, 
08/12/2023,59,16, ,4, 
09/12/2023,31,22, ,2, 
10/12/2023,37,18, ,4, 
11/12/2023,32,13, ,11, 
12/12/2023,30,10, ,9, 
13/12/2023,34,8, ,7, 
14/12/2023,39,18, ,14, 
15/12/2023,52,13, ,6, 
16/12/2023,38,13, ,5, 
17/12/2023,44,20, ,8, 
18/12/2023,61,11, ,7, 
19/12/2023,44,15, ,4, 
20/12/2023,30,13, ,3, 
21/12/2023,20,14, ,2, 
22/12/2023,22,11, ,3, 
23/12/2023,18,12, ,3, 
24/12/2023,17,9, ,3, 
25/12/2023,17,13, ,4, 
26/12/2023,23,12, ,8, 
27/12/2023,47,14, ,2, 
28/12/2023,30,11, ,5, 
29/12/2023,28,11, ,4, 
30/12/2023,33,11, ,1, 
31/12/2023,25,21, ,3, 
01/07/2023,8,17,35,1, 
02/07/2023,11,18,29,2, 
03/07/2023,11,15,31,2, 
04/07/2023,5,11,27,2, 
05/07/2023,3,13,34,3, 
06/07/2023,12,14,57,5, 
07/07/2023,24,15,72,3, 
08/07/2023,19,21,45,7, 
09/07/2023,35,12,37,4, 
10/07/2023,6,13,40,4, 
11/07/2023,10,15,29,2, 
12/07/2023,1,14,33,3, 
13/07/2023,4,14,34,4, 
14/07/2023,8,12,26,3, 
15/07/2023,6,16,27,1, 
16/07/2023,11,14,28,2, 
17/07/2023,7,13,34,4, 
18/07/2023,3,14,33,6, 
19/07/2023,6,7,30,2, 
20/07/2023,5,10,28,3, 
21/07/2023,7,12,23,5, 
22/07/2023,18,9,25,2, 
23/07/2023,4,10,26,2, 
24/07/2023,10,10,28,2, 
25/07/2023,6,9,29,4, 
26/07/2023,4,9,18,4, 
27/07/2023,9,14,16,3, 
28/07/2023,11,10,27,2, 
29/07/2023,2,15,27,2, 
30/07/2023,3,10,23,2, 
01/08/2023,3,15,27,2, 
02/08/2023,4,10,28,2, 
03/08/2023,3,10,26,2, 
06/08/2023,3,12,29,1, 
07/08/2023,5,13,26,2, 
09/08/2023,8,12,40,5, 
10/08/2023,14,16,38,5, 
11/08/2023,24,15,29,3, 
12/08/2023,4,14,26,3, 
13/08/2023,8,13,37,5, 
14/08/2023,9,13,32,4, 
15/08/2023,6,12,32,3, 
16/08/2023,11,12,24,1, 
17/08/2023,4,12,36,2, 
18/08/2023,9,19,29,4, 
19/08/2023,22,13,29,3, 
20/08/2023,19,13,32,5, 
21/08/2023,18,14,22,8, 
22/08/2023,14,12,33,7, 
23/08/2023,9,18,33,5, 
24/08/2023,22,17,31,6, 
25/08/2023,29,13,23,3, 
26/08/2023,9,12,28,4, 
27/08/2023,10,9,31,4, 
28/08/2023,7,13,25,5, 
29/08/2023,7,14,25,5, 
30/08/2023,11,10,31,4, 
31/08/2023,3,13,14,7, 
01/09/2023,7,11,25,5, 
02/09/2023,24,9,33,3, 
03/09/2023,16,11,38,6, 
04/09/2023,16,15,41,5, 
05/09/2023,19,20,53,8, 
06/09/2023,21,22,64,8, 
07/09/2023,30,29,65,8, 
08/09/2023,42,31,71,8, 
09/09/2023,78,34,61,4, 
10/09/2023,48,31,35,7, 
11/09/2023,45,19,27,6, 
12/09/2023,37,11,29,2, 
13/09/2023,3,16,32,5, 
14/09/2023,12,16,38,7, 
15/09/2023,24,16,38,6, 
16/09/2023,23,19,33,4, 
17/09/2023,37,13,26,4, 
18/09/2023,12,14,23,3, 
19/09/2023,5,12,26,3, 
20/09/2023,6,11,24,5, 
21/09/2023,5,10,24,4, 
22/09/2023,8,10,22,3, 
23/09/2023,9,11,30,5, 
24/09/2023,20,13,26,5, 
25/09/2023,18,19,25,11, 
26/09/2023,33,21,28,10, 
27/09/2023,28,23,23,6, 
28/09/2023,16,16,25,5, 
29/09/2023,9,17,24,9, 
30/09/2023,27,17,32,7, 
01/04/2023,4,7,31,2, 
02/04/2023,17,7,35,3, 
03/04/2023,16,11,37,6, 
04/04/2023,35,14,35,9, 
05/04/2023,44,19,25,10, 
06/04/2023,47,11,28,4, 
07/04/2023,13,14,30,4, 
08/04/2023,36,19,31,3, 
09/04/2023,60,10,29,3, 
10/04/2023,26,12,37,2, 
11/04/2023,8,12,37,3, 
12/04/2023,7,10,35,2, 
13/04/2023,14,14,38,6, 
14/04/2023,20,11,36,2, 
15/04/2023,25,12,26,1, 
16/04/2023,30,18,30,3, 
17/04/2023,59,12,29,2, 
18/04/2023,48,11,42,2, 
19/04/2023,34,12,38,3, 
20/04/2023,28,16,32,3, 
21/04/2023,51,17,24,7, 
22/04/2023,44,18,30,4, 
23/04/2023,45,11,34,2, 
24/04/2023,17,14,35,2, 
25/04/2023,15,13,36,6, 
26/04/2023,24,11,39,3, 
27/04/2023,32,15,31,5, 
28/04/2023,32,12,40,2, 
29/04/2023,38,9,35,3, 
30/04/2023,34,13,34,7, 
01/05/2023,36,11,40,1, 
02/05/2023,24,11,37,3, 
03/05/2023,26,13,42,3, 
04/05/2023,43,16,29,6, 
05/05/2023,20,16,33,5, 
06/05/2023,39,14,28,3, 
07/05/2023,33,26,26,6, 
08/05/2023,56,16,22,5, 
09/05/2023,35,17,23,6, 
10/05/2023,26,10,24,5, 
11/05/2023,19,12,33,2, 
12/05/2023,21,18,44,2, 
13/05/2023,43,15,37,2, 
14/05/2023,37,14,32,4, 
15/05/2023,35,15,29,2, 
16/05/2023,17,14,33,2, 
17/05/2023,25,12,36,1, 
18/05/2023,29,12,38,2, 
19/05/2023,35,12,38,1, 
20/05/2023,29,13,36,1, 
21/05/2023,34,25,44,3, 
22/05/2023,43,15,37,1, 
23/05/2023,20,18,34,3, 
24/05/2023,21,18,33,2, 
25/05/2023,30,23,33,1, 
26/05/2023,32,20,37,1, 
27/05/2023,41,16,38,2, 
28/05/2023,31,17,35, , 
29/05/2023,23,16,33,1, 
30/05/2023,20,13,35,1, 
31/05/2023,23,11,33,1, 
01/06/2023,16,17,34,1, 
02/06/2023,17,9,38,2, 
03/06/2023,19,11,37,1, 
04/06/2023,13,11,34,1, 
05/06/2023,13,12,38,1, 
06/06/2023,22,16,38,2, 
07/06/2023,24,17,41,2, 
08/06/2023,27,18,59,2, 
09/06/2023,51,21,60,2, 
10/06/2023,37,22,60,2, 
11/06/2023,39,23,60,3, 
12/06/2023,46,21,59,2, 
13/06/2023,37,20,47,2, 
14/06/2023,24,18,48,3, 
15/06/2023,29,18,50,3, 
16/06/2023,22,15,63,5, 
17/06/2023,28,19,60,3, 
18/06/2023,43,18,42,2, 
19/06/2023,32,20,49,4, 
20/06/2023,29,16,40,5,1
21/06/2023,22,18,36,5, 
22/06/2023,28,16,40,3, 
23/06/2023,30,15,48,7, 
24/06/2023,11,18,70,4, 
25/06/2023,18,13,37,3, 
26/06/2023,16,14,32,4, 
27/06/2023,5,18,22,5, 
28/06/2023,28,15,25,4, 
29/06/2023,30,13,37,3, 
30/06/2023,6,11,23,2, 
02/01/2023,24,11,24,9, 
03/01/2023,38,12,25,4, 
04/01/2023,21,25,23,5, 
05/01/2023,23,8,24,5, 
06/01/2023,13,5,22,3, 
07/01/2023,12,8,26,2, 
08/01/2023,9,11,25,5, 
09/01/2023,12,17,20,7, 
10/01/2023,23,18,27,4, 
11/01/2023,10,6,31,3, 
12/01/2023,6,18,29,3, 
13/01/2023,13,12,28,4, 
14/01/2023,20,11,29,2, 
15/01/2023,13,5,29,6, 
16/01/2023,11,13,26,13, 
17/01/2023,20,13,20,15, 
18/01/2023,32,13,24,7, 
19/01/2023,15,15,13,12, 
20/01/2023,55,19,14,6, 
21/01/2023,70,7,19,4, 
22/01/2023,46,11,14,6, 
23/01/2023,50,14,16,4, 
24/01/2023,57,29,16,10, 
25/01/2023,88,22,29,9, 
26/01/2023,53,7,25,2, 
27/01/2023,22,8,27,4, 
28/01/2023,30,21,15,10, 
29/01/2023,68,17,26,4, 
30/01/2023,29,20,24,8, 
31/01/2023,30,20,25,6, 
01/02/2023,28,16,24,4, 
02/02/2023,23,15,26,6, 
03/02/2023,23,22,22,8, 
04/02/2023,36,25,31,4, 
05/02/2023,37,25,22,10, 
06/02/2023,29,21,13,15, 
07/02/2023,57,25,11,18, 
08/02/2023,70,28,7,19, 
09/02/2023,72,23,21,16, 
10/02/2023,62,15,19,7, 
11/02/2023,41,19,18,12, 
12/02/2023,56,23,18,10, 
13/02/2023,62,32,11,17, 
14/02/2023,79,41,9,19, 
15/02/2023,96,40,19,12, 
16/02/2023,88,11,22,4, 
17/02/2023,25,13,26,5, 
18/02/2023,24,8,26,3, 
19/02/2023,13,16,23,6, 
20/02/2023,44,24,16,8, 
21/02/2023,63,26,12,9, 
22/02/2023,72,21,26,9, 
23/02/2023,55,16,30,8, 
24/02/2023,21,14,31,3, 
25/02/2023,21,8,30,2, 
26/02/2023,12,10,29,6, 
27/02/2023,23,10,29,6, 
28/02/2023,34,16,28,9, 
01/03/2023,51,17,21,4, 
02/03/2023,60,12,31,3, 
03/03/2023,33,13,33,1, 
04/03/2023,13,8,31,4, 
05/03/2023,14,10,28,6, 
06/03/2023,31,8,27,7, 
07/03/2023,11,15,23,8, 
08/03/2023,47,9,23,6, 
09/03/2023,34,6,31,5, 
10/03/2023,9,14,29,11, 
11/03/2023,20,17,29,5, 
12/03/2023,32,17,30,2, 
13/03/2023,20,13,32,3, 
14/03/2023,12,10,29,6, 
15/03/2023,15,10,29,5, 
16/03/2023,21,16,21,9, 
17/03/2023,23,16,28,6, 
18/03/2023,32,10,24,3, 
19/03/2023,27,13,23,8, 
20/03/2023,29,10,23,5, 
21/03/2023,14,9,24,5, 
22/03/2023,10,9,32,3, 
23/03/2023,9,12,31,2, 
24/03/2023,6,15,33,3, 
25/03/2023,10,18,33,3, 
26/03/2023,17,10,32,3, 
27/03/2023,13,12,31,8, 
28/03/2023,19,11,27,8, 
29/03/2023,19,17,34,3, 
30/03/2023,16,10,27,4, 
31/03/2023,8,6,23,3, 
01/10/2022,35,16,25,3, 
02/10/2022,35,17,17,10, 
03/10/2022,38,17,22,10, 
04/10/2022,50,11,24,4, 
05/10/2022,35,15,24,6, 
06/10/2022,30,20,21,9, 
07/10/2022,45,12,21,3, 
08/10/2022,27,14,22,8, 
09/10/2022,47,18,15,9, 
10/10/2022,44,19,18,11, 
11/10/2022,45,20,17,11, 
12/10/2022,59,20,15,11, 
13/10/2022,59,12,19,9, 
14/10/2022,49,16,21,7, 
15/10/2022,51,13,22,5, 
16/10/2022,35,14,11,7, 
17/10/2022,39,13,22,8, 
18/10/2022,37,11,22,7, 
19/10/2022,43,16,12,7, 
20/10/2022,52,18,12,9, 
21/10/2022,38,17,22,5, 
22/10/2022,39,15,18,6, 
23/10/2022,44,14,28,3, 
24/10/2022,24,14,21,6, 
26/10/2022,27,17,13,9, 
27/10/2022,29,29,18,8, 
28/10/2022,45,23,11,10, 
29/10/2022,43,27,16,9, 
30/10/2022,46,23,8,11, 
31/10/2022,49,19,25,3, 
01/11/2022,28,17,23,4, 
02/11/2022,21,13,20,4, 
03/11/2022,27,14,20,10, 
04/11/2022,30,11,14,7, 
05/11/2022,36,11,19,3, 
06/11/2022,30,14,20,4, 
07/11/2022,25,12,20,5, 
08/11/2022,22,14,23,4, 
09/11/2022,16,18,16,8, 
10/11/2022,23,18,13,10, 
11/11/2022,53,29,11,13, 
12/11/2022,72,21,10,13, 
13/11/2022,67,26,5,10, 
14/11/2022,71,18,19,6, 
15/11/2022,40,12,18,6, 
16/11/2022,27,9,23,4, 
17/11/2022,15,12,15,8, 
18/11/2022,36,16,13,7, 
19/11/2022,55,21,2,12, 
20/11/2022,73,15,13,10, 
21/11/2022,52,10,17,5, 
22/11/2022,26,13,19,6, 
23/11/2022,28,16,21,7, 
24/11/2022,31,16,19,10, 
25/11/2022,28,21,13,12, 
26/11/2022,50,10,14,4, 
27/11/2022,40,18,11,10, 
28/11/2022,50,16,4,18, 
29/11/2022,50,17,4,12, 
30/11/2022,65,27,7,9, 
01/12/2022,83,25,15,5, 
02/12/2022,86,24,15,3, 
03/12/2022,80,26,5,5, 
04/12/2022,89,10,7,4, 
05/12/2022,54,9,11,11, 
06/12/2022,36,12,18,12, 
07/12/2022,39,10,21,10, 
08/12/2022,33,24,15,13, 
09/12/2022,76,32,4,17, 
10/12/2022,84,23,14,7, 
11/12/2022,76,27,7,14, 
12/12/2022,72,32,2,19, 
13/12/2022,86,28,6,19, 
14/12/2022,77,35,1,26, 
15/12/2022,94,26,11,16, 
16/12/2022,59,36,9,10, 
17/12/2022,108,28,9,13, 
18/12/2022,91,11,13,7, 
19/12/2022,41,9,16,7, 
20/12/2022,16,16,14,13, 
21/12/2022,39,12,15,10, 
22/12/2022,33,10,24,9, 
23/12/2022,18,28,22,6, 
24/12/2022,26,12,14,7, 
25/12/2022,29,10,26,3, 
26/12/2022,21,13,21,7, 
27/12/2022,27,8,22,3, 
28/12/2022,13,10,28,2, 
29/12/2022,13,10,25,3, 
30/12/2022,10,13,26,2, 
31/12/2022,31,23,27,2, 
01/01/2023,28,10,23,6, 
01/07/2022,30,11,37,3, 
02/07/2022,30,10,28,4, 
03/07/2022,26,9,32,4, 
04/07/2022,29,11,29,4, 
05/07/2022,31,10,30,3, 
06/07/2022,26,13,23,2, 
07/07/2022,28,14,30,3, 
08/07/2022,31,13,23,3, 
09/07/2022,35,11,28,1, 
10/07/2022,32,7,21,1, 
11/07/2022,24,12,38,6, 
12/07/2022,35,21,42,6, 
13/07/2022,38,12,27,2, 
14/07/2022,18,10,29,3, 
15/07/2022,17,10,31,2, 
16/07/2022,21,12,35,2, 
17/07/2022,22,19,75,7, 
18/07/2022,36,29,91,8, 
19/07/2022,50,32,44,3, 
20/07/2022,60,13,29,4, 
21/07/2022,34,11,29,1, 
22/07/2022,20,10,40,2, 
23/07/2022,23,15,40,4, 
24/07/2022,33,16,27,5, 
25/07/2022,27,14,27,1, 
26/07/2022,22,9,29,2, 
27/07/2022,15,9,34,2, 
28/07/2022,16,12,41,2, 
29/07/2022,24,13,40,2, 
30/07/2022,27,17,28,4, 
31/07/2022,31,9,29,1, 
01/08/2022,16,15,30,4, 
02/08/2022,21,26,31,3, 
03/08/2022,28,16,28,5, 
04/08/2022,26,10,27,1, 
05/08/2022,23,9,32,3, 
06/08/2022,24,9,35,2, 
07/08/2022,23,11,31,2, 
08/08/2022,24,8,28,2, 
09/08/2022,15,12,43,2, 
10/08/2022,23,21,53,3, 
11/08/2022,35,22,67,4, 
12/08/2022,37,24,56,4, 
13/08/2022,38,24,59,4, 
14/08/2022,45,22,48,6, 
15/08/2022,44,24,55,7,1
16/08/2022,62,15,38,3, 
17/08/2022,54,9,42,3, 
18/08/2022,25,14,18,6, 
19/08/2022,38,12,33,3, 
20/08/2022,23,14,31,6, 
21/08/2022,34,16,40,4, 
22/08/2022,28,21,39,9, 
23/08/2022,44,15,37,5, 
24/08/2022,40,22,63,7, 
25/08/2022,49,16,31,2, 
26/08/2022,21,9,27,2, 
27/08/2022,30,10,30,1, 
28/08/2022,25,12,31,3, 
29/08/2022,26,11,31,2, 
30/08/2022,28,11,34,2, 
31/08/2022,21,12,39,3, 
01/09/2022,29,17,42,4, 
02/09/2022,25,18,49,5, 
03/09/2022,38,18,39,9, 
04/09/2022,56,19,43,10, 
05/09/2022,36,14,37,6, 
06/09/2022,30,13,35,5, 
07/09/2022,33,12,25,7, 
08/09/2022,35,11,20,4, 
09/09/2022,26,10,31,3, 
10/09/2022,34,10,33,6, 
11/09/2022,42,15,38,8, 
12/09/2022,49,13,29,8, 
13/09/2022,40,9,27,5, 
14/09/2022,29,10,28,3, 
15/09/2022,27,10,26,3, 
16/09/2022,22,11,23,2, 
17/09/2022,28,8,19,3, 
18/09/2022,23,15,23,4, 
19/09/2022,24,12,26,5, 
20/09/2022,24,14,27,8, 
21/09/2022,41,16,28,11, 
22/09/2022,45,18,21,15, 
23/09/2022,57,10,21,4, 
24/09/2022,46,10,24,5, 
25/09/2022,35,10,20,6, 
26/09/2022,30,8,17,6, 
27/09/2022,30,8,20,6, 
28/09/2022,19,13,21,9, 
29/09/2022,43,15,23,9, 
30/09/2022,50,9,24,3, 
01/04/2022,24,9,33,3, 
02/04/2022,21,11,34,7, 
03/04/2022,33,10,25,7, 
04/04/2022,36,8,19,6, 
05/04/2022,24,13,25,4, 
06/04/2022,33,9,29,2, 
07/04/2022,20,11,30,4, 
08/04/2022,23,14,32,3, 
09/04/2022,24,10,34,5, 
10/04/2022,22,12,36,9, 
11/04/2022,47,14,31,7, 
12/04/2022,42,19,19,11, 
13/04/2022,47,21,32,8, 
14/04/2022,47,9,30,2, 
15/04/2022,38,10,35,2, 
16/04/2022,46,10,35,4, 
17/04/2022,47,18,41,5, 
18/04/2022,56,11,40,7, 
19/04/2022,42,11,39,3, 
20/04/2022,30,12,36,3, 
21/04/2022,37,13,34,2, 
22/04/2022,45,19,37,2, 
23/04/2022,54,12,36,1, 
24/04/2022,41,13,25,4, 
25/04/2022,52,10,36,1, 
26/04/2022,32,13,35,4, 
27/04/2022,37,14,33,6, 
28/04/2022,43,12,32,2, 
29/04/2022,47,9,32,2, 
30/04/2022,43,13,37,3, 
01/05/2022,51,10,39,4, 
02/05/2022,40,11,33,3, 
03/05/2022,40,15,33,4, 
04/05/2022,38,20,28,9, 
05/05/2022,60,16,32,8, 
06/05/2022,54,15,32,6, 
07/05/2022,52,18,37,1, 
08/05/2022,45,16,43,4, 
09/05/2022,48,20,35,9, 
10/05/2022,52,14,34,3, 
11/05/2022,30,11,32,5, 
12/05/2022,30,14,35,4, 
13/05/2022,36,22,42,3, 
14/05/2022,48,21,48,2, 
15/05/2022,51,20,33,5, 
16/05/2022,47,16,37,6, 
17/05/2022,35,22,36,8, 
18/05/2022,51,19,29,6, 
19/05/2022,42,13,32,5, 
20/05/2022,45,13,26,2, 
21/05/2022,40,15,42,6, 
22/05/2022,47,14,28,8, 
23/05/2022,51,10,30,3, 
24/05/2022,28,10,28,4, 
25/05/2022,31,14,28,3, 
26/05/2022,32,15,32,2, 
27/05/2022,36,16,30,2, 
28/05/2022,36,10,28,2, 
29/05/2022,28,9,29,4, 
30/05/2022,28,12,31,6, 
31/05/2022,45,10,35,3, 
01/06/2022,33,10,38,4, 
02/06/2022,41,13,46,3, 
03/06/2022,40,10,38,1, 
04/06/2022,38,15,28,3, 
05/06/2022,51,19,28,3, 
06/06/2022,41,9,34,3, 
07/06/2022,38,11,21,5, 
08/06/2022,35,15,28,4, 
09/06/2022,31,17,24,4, 
10/06/2022,33,16,35,3, 
11/06/2022,35,17,29,3, 
12/06/2022,32,14,31,3, 
13/06/2022,31,11,38,3, 
14/06/2022,33,15,43,3, 
15/06/2022,42,13,49,2, 
16/06/2022,43,21,70,6, 
17/06/2022,51,25,44,4, 
18/06/2022,42,12,28, , 
19/06/2022,30,12,29,1, 
20/06/2022,33,11,33,3, 
21/06/2022,32,13,38,3, 
22/06/2022,31,18,56,3, 
23/06/2022,48,19,37,5, 
24/06/2022,43,11,24,4, 
25/06/2022,29,13,28,3, 
26/06/2022,27,13,25,7, 
27/06/2022,34,12,38,3, 
28/06/2022,28,17,50,5, 
29/06/2022,40,16,29,5, 
30/06/2022,36,11,27,3, 
03/01/2022,32,10,22,4, 
04/01/2022,33,17,20,4, 
05/01/2022,28,16,20,11, 
06/01/2022,40,11,22,6, 
07/01/2022,36,9,21,7, 
08/01/2022,36,18,27,5, 
09/01/2022,29,22,5,19, 
10/01/2022,69,16,6,15, 
11/01/2022,68,17,12,14, 
12/01/2022,65,16,5,17, 
13/01/2022,64,17,10,18, 
14/01/2022,64,19,6,14, 
15/01/2022,69,25,14,11, 
16/01/2022,81,24,21,7, 
17/01/2022,48,18,14,14, 
18/01/2022,49,25,21,14, 
19/01/2022,72,14,29,3, 
20/01/2022,37,18,24,10, 
21/01/2022,37,14,21,6, 
22/01/2022,43,14,16,7, 
23/01/2022,53,26,16,6, 
24/01/2022,78,37,10,8, 
25/01/2022,112,37,10,12, 
26/01/2022,110,15,24,6, 
27/01/2022,53,23,25,10, 
28/01/2022,51,15,29,5, 
29/01/2022,46,34,29,4, 
30/01/2022,48,24,30,2, 
31/01/2022,40,18,27,6, 
01/02/2022,37,30,27,6, 
02/02/2022,53,12,19,7, 
03/02/2022,50,10,26,5, 
04/02/2022,29,15,27,4, 
05/02/2022,32,13,32,2, 
06/02/2022,26,21,31,4, 
07/02/2022,34,14,27,6, 
08/02/2022,40,9,24,6, 
09/02/2022,43,14,23,7, 
10/02/2022,48,21,28,8, 
11/02/2022,41,21,23,12, 
12/02/2022,56,14,26,4, 
13/02/2022,51,10,28,3, 
14/02/2022,30,11,23,7, 
15/02/2022,34,11,23,4, 
16/02/2022,35,18,29,4, 
17/02/2022,36,19,30,4, 
18/02/2022,38,16,28,3, 
19/02/2022,30,14,34,2, 
20/02/2022,33,20,30,3, 
21/02/2022,37,27,28,7, 
22/02/2022,48,17,27,7, 
23/02/2022,49,12,27,5, 
24/02/2022,36,19,27,5, 
25/02/2022,37,19,26,12, 
26/02/2022,61,15,25,7, 
27/02/2022,59,15,23,9, 
28/02/2022,61,30,10,16, 
01/03/2022,83,28,26,13, 
02/03/2022,82,21,27,10, 
03/03/2022,77,22,23,8, 
04/03/2022,69,26,18,6, 
05/03/2022,84,13,29,3, 
06/03/2022,55,13,29,7, 
07/03/2022,55,16,27,7, 
08/03/2022,56,28,29,10, 
09/03/2022,75,30,31,13, 
10/03/2022,79,22,28,7, 
11/03/2022,66,14,30,4, 
12/03/2022,43,15,33,4, 
13/03/2022,51,14,25,7, 
14/03/2022,44,23,21,15, 
15/03/2022,61,22,22,10, 
16/03/2022,64,14,28,5, 
17/03/2022,39,18,30,14, 
18/03/2022,51,11,30,2, 
19/03/2022,40,25,29,4, 
20/03/2022,77,34,32,10, 
21/03/2022,91,36,35,15, 
22/03/2022,83,40,39,13, 
23/03/2022,85,41,44,10, 
24/03/2022,96,43,40,6, 
25/03/2022,105,30,45,4, 
26/03/2022,76,9,33,1, 
27/03/2022,38,15,25,5, 
28/03/2022,50,24,35,3, 
29/03/2022,66,17,31,5, 
30/03/2022,45,5,26,4, 
31/03/2022,24,7,30,2, 
06/12/2021,72,18,15,7, 
07/12/2021,47,13,20,10, 
08/12/2021,39,9,21,7, 
09/12/2021,58,17,12,13, 
10/12/2021,53,13,16,10, 
11/12/2021,64,19,10,15, 
12/12/2021,58,13,16,7, 
13/12/2021,60,11,14,12, 
14/12/2021,67,14,9,10, 
15/12/2021,71,18,6,12, 
16/12/2021,66,17,5,18, 
17/12/2021,52,9,12,11, 
18/12/2021,45,8,18,4, 
19/12/2021,49,8,23,4, 
20/12/2021,50,20,24,11, 
21/12/2021,72,23,7,19, 
22/12/2021,80,27, ,19, 
23/12/2021,82,29,3,15, 
24/12/2021,36,12,13,9, 
25/12/2021,23,8,22,3, 
26/12/2021,37,12,18,7, 
27/12/2021,50,13,7,11, 
28/12/2021,25,11,22,4, 
29/12/2021,30,11,14,8, 
30/12/2021,35,12,19,4, 
31/12/2021,42,14,16,4, 
01/01/2022,62,25,15,5, 
02/01/2022,36,14,29,3, 
01/07/2021,45,16,28,5, 
02/07/2021,48,16,37,5, 
03/07/2021,55,10,19,4, 
04/07/2021,36,11,20,4, 
05/07/2021,24,12,24,3, 
06/07/2021,20,13,22,4, 
07/07/2021,30,12,27,9, 
08/07/2021,47,13,29,4, 
09/07/2021,47,16,32,4, 
10/07/2021,65,12,32,10, 
11/07/2021,52,13,33,11, 
12/07/2021,53,15,32,3, 
13/07/2021,52,15,32,2, 
14/07/2021,42,14,29,1, 
15/07/2021,35,23,22,1, 
16/07/2021,45,14,24,1, 
17/07/2021,36,13,25,4, 
18/07/2021,37,10,27,2, 
19/07/2021,39,14,32,3, 
20/07/2021,42,15,44,4, 
21/07/2021,51,10,32,2, 
22/07/2021,39,12,24,3, 
23/07/2021,39,17,24,5, 
24/07/2021,47,18,33,4, 
25/07/2021,52,14,29,5, 
26/07/2021,37,15,28,4, 
27/07/2021,46,13,23,3, 
28/07/2021,30,14,24,2, 
29/07/2021,28,16,23,5, 
30/07/2021,34,12,30,2, 
31/07/2021,18,12,26,3, 
01/08/2021,31,9,28,2, 
02/08/2021,20,8,25,4, 
03/08/2021,26,9,33,4, 
04/08/2021,36,15,43,5, 
05/08/2021,49,11,23,2, 
06/08/2021,28,10,22,2, 
07/08/2021,21,12,21,1, 
08/08/2021,26,11,19,3, 
09/08/2021,26,11,23,4, 
10/08/2021,30,10,33,7, 
11/08/2021,35,14,34,6, 
12/08/2021,51,14,23,6, 
13/08/2021,44,18,23,4, 
14/08/2021,47,10,28,6, 
15/08/2021,25,14,26,2, 
16/08/2021,28,14,20,4, 
17/08/2021,31,9,20,4, 
18/08/2021,20,15,23,6, 
19/08/2021,38,14,21,4, 
20/08/2021,38,13,29,6, 
21/08/2021,42,11,22,3, 
22/08/2021,29,10,29,2, 
23/08/2021,25,11,30,2, 
24/08/2021,38,11,31,3, 
25/08/2021,37,13,23,2, 
26/08/2021,23,11,24,2, 
27/08/2021,22,7,25,1, 
28/08/2021,25,10,24,1, 
29/08/2021,26,13,30,2, 
30/08/2021,39,13,28,1, 
31/08/2021,43,12,28,2, 
01/09/2021,41,13,31,8, 
02/09/2021,46,17,33,12, 
07/09/2021,49,23,51,10, 
08/09/2021,60,26,37,7, 
09/09/2021,54,17,19,8, 
10/09/2021,39,12,21,4, 
11/09/2021,33,15,27,4, 
12/09/2021,38,9,26,6, 
13/09/2021,20,16,25,7, 
14/09/2021,44,15,29,7, 
15/09/2021,46,14,35,3, 
16/09/2021,34,18,26,11, 
17/09/2021,69,14,31,7, 
18/09/2021,42,10,23,3, 
19/09/2021,35,11,26,4, 
20/09/2021,31,12,28,7, 
21/09/2021,43,16,28,11, 
22/09/2021,66,18,25,8, 
23/09/2021,49,15,26,5, 
24/09/2021,38,16,20,7, 
25/09/2021,51,18,31,10, 
26/09/2021,58,17,25,6, 
27/09/2021,34,15,26,7, 
28/09/2021,31,9,21,5, 
01/04/2021,67,13,32,3, 
02/04/2021,32,26,37,8, 
03/04/2021,45,16,34,10, 
04/04/2021,38,14,30,9, 
05/04/2021,31,12,30,7, 
06/04/2021,22,14,30,3, 
07/04/2021,12,13,27,7, 
08/04/2021,39,16,30,7, 
09/04/2021,48,8,26,2, 
10/04/2021,28,6,33,2, 
11/04/2021,16,11,32,5, 
12/04/2021,27,10,34,7, 
13/04/2021,30,12,34,8, 
14/04/2021,42,9,32,5, 
15/04/2021,35,13,35,4, 
16/04/2021,34,15,35,2, 
17/04/2021,33,14,36,4, 
18/04/2021,48,14,31,5, 
19/04/2021,49,19,37,7, 
20/04/2021,61,21,36,4, 
21/04/2021,59,18,33,2, 
22/04/2021,34,12,36,4, 
23/04/2021,34,10,34,2, 
24/04/2021,38,13,33,1, 
25/04/2021,35,11,35,3, 
26/04/2021,33,10,40,3, 
27/04/2021,36,17,36,5, 
28/04/2021,50,19,35,3, 
29/04/2021,55,18,31,6, 
30/04/2021,48,13,38,5, 
01/05/2021,39,10,33,3, 
02/05/2021,25,16,36,6, 
03/05/2021,52,11,33,3, 
04/05/2021,29,14,30,3, 
05/05/2021,27,9,27,6, 
06/05/2021,33,11,32,4, 
07/05/2021,25,12,26,7, 
08/05/2021,45,14,32,3, 
09/05/2021,34,13,28,4, 
10/05/2021,30,16,22,7, 
11/05/2021,39,15,31,6, 
12/05/2021,41,13,36,5, 
13/05/2021,34,11,30,3, 
14/05/2021,38,13,28,4, 
15/05/2021,43,15,26,3, 
16/05/2021,30,10,32,5, 
17/05/2021,30,10,34,5, 
18/05/2021,32,13,26,7, 
19/05/2021,35,14,30,7, 
20/05/2021,47,23,31,3, 
21/05/2021,30,13,29,2, 
22/05/2021,22,14,34,3, 
23/05/2021,26,10,30,3, 
24/05/2021,15,10,26,5, 
25/05/2021,26,12,30,5, 
26/05/2021,27,16,26,4, 
27/05/2021,29,11,31,3, 
28/05/2021,34,11,35,2, 
29/05/2021,34,12,35,1, 
30/05/2021,45,15,39,3, 
31/05/2021,45,17,48,4, 
01/06/2021,28,20,63,5, 
02/06/2021,46,21,42,6, 
03/06/2021,44,22,47,5, 
04/06/2021,53,22,36,2, 
05/06/2021,61,10,35,2, 
06/06/2021,41,9,41,3, 
07/06/2021,32,12,42,3, 
08/06/2021,37,16,42,5, 
09/06/2021,45,15,40,8, 
10/06/2021,33,20,22,6, 
11/06/2021,52,11,27,4, 
12/06/2021,32,15,39,2, 
13/06/2021,42,20,58,5, 
14/06/2021,47,11,35,2, 
15/06/2021,26,19,64,5, 
16/06/2021,40,31,52,6, 
17/06/2021,54,26,52,4, 
18/06/2021,52,16,22,4, 
19/06/2021,41,11,36,2, 
20/06/2021,26,8,27,2, 
21/06/2021,22,15,28,2, 
22/06/2021,38,13,29,2, 
23/06/2021,24,11,34,3, 
24/06/2021,31,18,19,8, 
25/06/2021,52,16,44,4, 
26/06/2021,53,24,39,2, 
27/06/2021,50,15,28,5, 
28/06/2021,48,13,20,4, 
29/06/2021,43,9,22,3, 
30/06/2021,28,17,25,3, 
04/01/2021,30,7,10,4, 
05/01/2021,36,8,10,7, 
06/01/2021,32,6,15,8, 
07/01/2021,19,8,6,11, 
08/01/2021,45,16,13,19, 
09/01/2021,57,15,18,14, 
10/01/2021,55,13,20,8, 
11/01/2021,54,12,25,6, 
12/01/2021,21,15,21,7, 
13/01/2021,16,12,15,8, 
14/01/2021,31,21,10,13, 
15/01/2021,56,20,11,11, 
16/01/2021,61,18,20,8, 
17/01/2021,52,18,14,10, 
18/01/2021,41,8,20,5, 
19/01/2021,33,10,22,5, 
20/01/2021,31,11,26,4, 
21/01/2021,22,12,21,10, 
22/01/2021,29,16,19,11, 
23/01/2021,52,14,20,7, 
24/01/2021,37,15,23,11, 
25/01/2021,49,14,24,7, 
26/01/2021,28,15,18,11, 
27/01/2021,44,12,8,12, 
28/01/2021,41,13,20,8, 
29/01/2021,35,8,20,3, 
30/01/2021,37,14,14,5, 
31/01/2021,61,19,11,9, 
01/02/2021,71,21,19,12, 
02/02/2021,61,14,19,11, 
03/02/2021,30,22,13,13, 
04/02/2021,45,23,6,16, 
05/02/2021,67,19,19,8, 
06/02/2021,71,12,26,2, 
07/02/2021,31,12,27,4, 
08/02/2021,34,12,24,8, 
09/02/2021,49,9,24,6, 
10/02/2021,45,15,27,12, 
11/02/2021,56,18,25,9, 
12/02/2021,71,19,27,7, 
13/02/2021,61,15,23,7, 
14/02/2021,50,15,21,9, 
15/02/2021,47,14,18,11, 
16/02/2021,55,19,22,7, 
17/02/2021,43,12,21,6, 
18/02/2021,36,14,20,8, 
19/02/2021,39,26,21,5, 
20/02/2021,47,21,23,6, 
21/02/2021,53,24,18,10, 
22/02/2021,49,39,20,9, 
23/02/2021,62,29,22,9, 
24/02/2021,58,42,21,9, 
25/02/2021,66,17,25,10, 
26/02/2021,44,15,21,6, 
27/02/2021,45,11,23,5, 
28/02/2021,48,15,18,5, 
01/03/2021,55,27,13,13, 
02/03/2021,74,42,7,19, 
03/03/2021,100,28,33,8, 
04/03/2021,70,12,30,6, 
05/03/2021,36,14,30,8, 
06/03/2021,44,20,27,10, 
07/03/2021,64,26,24,8, 
08/03/2021,71,13,19,6, 
09/03/2021,39,24,26,11, 
10/03/2021,67,14,26,3, 
11/03/2021,42,17,26,5, 
12/03/2021,32,12,28,3, 
13/03/2021,26,14,25,4, 
14/03/2021,28,16,27,4, 
15/03/2021,25,15,25,5, 
16/03/2021,27,7,28,2, 
17/03/2021,22,15,28,8, 
18/03/2021,36,9,28,4, 
19/03/2021,28,9,26,4, 
20/03/2021,37,20,30,2, 
21/03/2021,36,14,30,4, 
22/03/2021,30,31,22,11, 
23/03/2021,82,39,28,14, 
24/03/2021,102,30,28,11, 
25/03/2021,71,16,32,7, 
26/03/2021,41,14,28,3, 
27/03/2021,24,15,27,4, 
28/03/2021,31,16,30,8, 
29/03/2021,42,26,38,16, 
30/03/2021,66,32,38,19, 
31/03/2021,87,30,30,10, 
01/10/2020,29,12,17,7, 
02/10/2020,27,18,15,5, 
03/10/2020,41,7,22,2, 
04/10/2020,8,7,18,4, 
05/10/2020,16,10,16,5, 
06/10/2020,14,11,19,6, 
07/10/2020,19,11,19,6, 
08/10/2020,12,9,20,8, 
09/10/2020,15,9,21,6, 
10/10/2020,20,10,22,6, 
11/10/2020,20,14,21,11, 
12/10/2020,19,13,12,9, 
13/10/2020,32,10,18,7, 
14/10/2020,20,7,18,4, 
15/10/2020,9,9,20,7, 
16/10/2020,18,18,14,11, 
17/10/2020,48,22,22,8, 
18/10/2020,45,13,13,10, 
19/10/2020,29,16,13,9, 
20/10/2020,36,10,24,4, 
21/10/2020,13,10,20,6, 
22/10/2020,12,17,20,11, 
23/10/2020,37,9,19,3, 
24/10/2020,11,7,24,3, 
25/10/2020,13,9,19,6, 
26/10/2020,13,13,18,6, 
27/10/2020,17,8,19,6, 
28/10/2020,11,14,18,8, 
29/10/2020,17,9,19,4, 
30/10/2020,14,11,24,4, 
31/10/2020,21,20,19,3, 
01/11/2020,18,11,25,3, 
02/11/2020,17,17,22,6, 
03/11/2020,24,16,18,12, 
04/11/2020,27,17,10,18, 
05/11/2020,41,29,11,15, 
06/11/2020,70,24,5,14, 
07/11/2020,65,27,3,12, 
08/11/2020,67,27,9,15, 
09/11/2020,53,35,2,14, 
10/11/2020,69,25,9,11, 
11/11/2020,66,12,19,8, 
12/11/2020,23,16,12,11, 
13/11/2020,32,13,18,8, 
14/11/2020,39,9,25,2, 
15/11/2020,23,11,25,6, 
16/11/2020,14,11,17,6, 
17/11/2020,19,12,16,7, 
18/11/2020,24,16,22,5, 
19/11/2020,24,14,20,12, 
20/11/2020,31,13,17,7, 
21/11/2020,42,12,18,5, 
22/11/2020,28,18,11,15, 
23/11/2020,35,18,6,13, 
24/11/2020,60,18,5,12, 
25/11/2020,56,25,5,17, 
26/11/2020,68,22,12,18, 
29/11/2020,99,38,2,15, 
30/11/2020,100,13,23,4, 
01/12/2020,20,15, ,11, 
02/12/2020,50,14,10,11, 
03/12/2020,41,7,19,6, 
04/12/2020,18,13,14,11, 
05/12/2020,39,21,3,12, 
06/12/2020,73,23,4,17, 
07/12/2020,63,22,4,15, 
08/12/2020,71,23,3,14, 
09/12/2020,70,19,2,14, 
10/12/2020,61,15,4,12, 
11/12/2020,50,17,2,13, 
12/12/2020,53,12,20,8, 
13/12/2020,36,8,18,6, 
14/12/2020,14,15,7,12, 
15/12/2020,32,11,8,13, 
16/12/2020,39,11,12,9, 
17/12/2020,24,12,14,8, 
18/12/2020,31,9,13,6, 
19/12/2020,30,14,16,5, 
20/12/2020,20,10,15,8, 
21/12/2020,22,11,19,7, 
23/12/2020,23,9,24,3, 
24/12/2020,18,10,24,5, 
25/12/2020,33,9,20,6, 
26/12/2020,43,5,23,2, 
27/12/2020,23,10,17,9, 
28/12/2020,42,8,14,9, 
29/12/2020,48,7,18,7, 
30/12/2020,28,29,13,12, 
31/12/2020,72,59,8,13, 
01/01/2021,98,23,6,11, 
02/01/2021,67,16,13,5, 
03/01/2021,63,5,13,3, 
01/07/2020,11,11,25,5, 
02/07/2020,14,12,26,7, 
03/07/2020,18,10,20,3, 
04/07/2020,15,11,25,1, 
05/07/2020,15,17,22,4, 
06/07/2020,26,12,25,5, 
07/07/2020,18,10,16,8, 
08/07/2020,18,11,7,6, 
09/07/2020,13,7,23,3, 
10/07/2020,10,8,27,6, 
11/07/2020,26,9,27,3, 
12/07/2020,23,14,40,6, 
13/07/2020,27,12,19,9, 
14/07/2020,27,10,30,4, 
15/07/2020,20,9,19,5, 
16/07/2020,19,12,18,7, 
17/07/2020,21,18,32,11, 
18/07/2020,38,16,23,6, 
19/07/2020,43,10,25,2, 
20/07/2020,13,9,28,4, 
21/07/2020,15,11,27,4, 
22/07/2020,22,14,40,8, 
23/07/2020,28,14,25,7, 
24/07/2020,26,14,15,5, 
25/07/2020,18,9,22,2, 
26/07/2020,12,12,23,7, 
27/07/2020,17,14,23,3, 
28/07/2020,14,9,25,5, 
29/07/2020,14,14,42,7, 
30/07/2020,25,22,60,5,1
31/07/2020,28,18,26,4, 
01/08/2020,35,9,27,4, 
02/08/2020,20,10,25,6, 
03/08/2020,21,9,31,5, 
04/08/2020,15,16,45,7, 
05/08/2020,32,20,57,10, 
06/08/2020,31,24,72,6, 
07/08/2020,43,33,76,7, 
08/08/2020,51,31,57,3, 
09/08/2020,56,27,63,5, 
10/08/2020,43,28,66,7, 
11/08/2020,55,30,71,8, 
12/08/2020,51,25,56,8, 
13/08/2020,50,27,44,7, 
14/08/2020,73,24,46,4, 
15/08/2020,72,18,51,6, 
16/08/2020,38,16,33,7, 
17/08/2020,34,10,27,6, 
18/08/2020,24,16,34,8, 
19/08/2020,23,12,30,5, 
20/08/2020,12,16,33,5, 
21/08/2020,21,17,26,4, 
22/08/2020,16,13,24,3, 
23/08/2020,16,11,25,4, 
24/08/2020,15,12,23,8, 
25/08/2020,19,13,23,2, 
26/08/2020,11,17,23,8, 
27/08/2020,40,13,18,6, 
28/08/2020,20,12,23,6, 
29/08/2020,18,11,25,3, 
30/08/2020,16,10,27,3, 
31/08/2020,15,8,27,6, 
01/09/2020,23,11,32,7, 
02/09/2020,22,14,17,12, 
03/09/2020,40,14,22,5, 
04/09/2020,21,12,21,4, 
05/09/2020,22,9,25,4, 
06/09/2020,18,10,25,10, 
07/09/2020,28,14,13,7, 
08/09/2020,29,18,15,6, 
09/09/2020,34,14,25,11, 
10/09/2020,24,17,28,12, 
11/09/2020,34,19,20,10, 
12/09/2020,29,15,22,6, 
13/09/2020,37,23,42,13, 
14/09/2020,53,35,54,14, 
15/09/2020,67,21,39,9, 
16/09/2020,73,15,23,4, 
17/09/2020,19,12,31,5, 
18/09/2020,21,15,33,5, 
19/09/2020,26,16,33,5, 
20/09/2020,33,20,32,11, 
21/09/2020,53,25,40,17, 
22/09/2020,76,24,25,14, 
23/09/2020,74,11,22,5, 
24/09/2020,12,9,22,5, 
25/09/2020,13,9,22,3, 
26/09/2020,16,8,20,4, 
27/09/2020,12,13,6,10, 
28/09/2020,36,11,20,9, 
29/09/2020,21,15,9,10, 
30/09/2020,31,13,14,7, 
01/04/2020,27,14,28,9, 
02/04/2020,39,19,34,6, 
03/04/2020,30,17,33,10, 
04/04/2020,45,19,39,5, 
05/04/2020,59,20,33,6, 
06/04/2020,43,18,38,7, 
07/04/2020,45,28,41,8, 
08/04/2020,65,26,38,11, 
09/04/2020,67,14,29,6, 
10/04/2020,35,17,35,6, 
11/04/2020,39,30,41,14, 
12/04/2020,72,17,33,5, 
13/04/2020,32,12,33,8, 
14/04/2020,25,19,31,12, 
15/04/2020,46,24,35,10, 
16/04/2020,59,14,32,3, 
17/04/2020,29,21,23,6, 
18/04/2020,40,11,37,4, 
19/04/2020,31,15,36,4, 
20/04/2020,25,20,36,5, 
21/04/2020,27,21,42,3, 
22/04/2020,39,22,47,5, 
23/04/2020,45,26,37,3, 
24/04/2020,51,14,35,1, 
25/04/2020,25,16,37,2, 
26/04/2020,36,20,42,8, 
27/04/2020,58,15,26,4, 
28/04/2020,47,16,25,6, 
29/04/2020,38,13,30,5, 
30/04/2020,14,10,30,4, 
01/05/2020,19,11,32,4, 
02/05/2020,22,16,30,6, 
03/05/2020,38,11,33,5, 
04/05/2020,35,10,35,4, 
05/05/2020,18,11,37,4, 
06/05/2020,27,15,43,6, 
07/05/2020,43,26,47,10, 
08/05/2020,60,26,40,4, 
09/05/2020,44,23,33,3, 
10/05/2020,54,14,27,2, 
11/05/2020,16,11,33,4, 
12/05/2020,23,11,30,5, 
13/05/2020,19,10,34,3, 
14/05/2020,16,10,29,4, 
15/05/2020,17,13,32,6, 
16/05/2020,33,16,33,6, 
17/05/2020,41,15,32,7, 
18/05/2020,38,16,30,5, 
19/05/2020,36,11,31,5, 
20/05/2020,41,17,41,6, 
21/05/2020,42,22,30,7, 
22/05/2020,36,30,31,4, 
23/05/2020,34,22,22,3, 
24/05/2020,35,14,28,5, 
25/05/2020,35,13,39,8, 
26/05/2020,37,13,30,4, 
27/05/2020,40,14,30,2, 
28/05/2020,23,17,36,4, 
29/05/2020,31,13,42,3, 
30/05/2020,33,12,32,3, 
31/05/2020,24,12,36,3, 
01/06/2020,28,18,48,5, 
02/06/2020,36,16,34,6, 
03/06/2020,40,14,31,4, 
04/06/2020,24,10,23,4, 
05/06/2020,15,11,27,3, 
06/06/2020,22,10,23,3, 
07/06/2020,14,10,27,2, 
08/06/2020,10,16,28,3, 
09/06/2020,17,14,25,5, 
10/06/2020,25,13,29,7, 
11/06/2020,31,14,39,6, 
12/06/2020,38,12,42,5, 
13/06/2020,18,19,29,5, 
14/06/2020,54,12,34,11, 
15/06/2020,29,13,31,9, 
16/06/2020,31,12,36,9, 
17/06/2020,28,12,37,6, 
18/06/2020,23,14,33,6, 
19/06/2020,29,12,26,6, 
20/06/2020,23,13,29,7, 
21/06/2020,30,18,27,6, 
22/06/2020,27,19,54,6, 
23/06/2020,38,19,48,10, 
24/06/2020,34,18,45,3, 
25/06/2020,29,20,58,6, 
26/06/2020,36,16,28,5, 
27/06/2020,36,13,29,2, 
28/06/2020,16,19,27,6, 
29/06/2020,23,16,20,4, 
30/06/2020,17,8,24,5, 
01/01/2020,114,21,7,10, 
02/01/2020,68,16,21,7, 
03/01/2020,36,20,20,6, 
04/01/2020,30,13,22,7, 
05/01/2020,37,16,17,10, 
06/01/2020,47,24,13,12, 
07/01/2020,55,14,12,12, 
08/01/2020,40,13,11,9, 
09/01/2020,38,15,20,9, 
10/01/2020,22,13,17,10, 
11/01/2020,43,12,21,5, 
12/01/2020,33,17,17,8, 
13/01/2020,41,8,21,5, 
14/01/2020,18,10,23,6, 
15/01/2020,21,13,13,11, 
16/01/2020,39,12,24,8, 
17/01/2020,28,15,21,7, 
18/01/2020,29,23,26,5, 
19/01/2020,36,25,3,24, 
20/01/2020,46,26,1,20, 
21/01/2020,73,27, ,20, 
22/01/2020,78,25,5,19, 
23/01/2020,74,32,3,17, 
24/01/2020,86,29,15,13, 
25/01/2020,84,26,13,8, 
26/01/2020,66,16,18,8, 
27/01/2020,41,10,26,5, 
28/01/2020,18,17,23,7, 
29/01/2020,25,16,22,8, 
30/01/2020,31,9,18,6, 
31/01/2020,27,14,27,4, 
01/02/2020,29,23,24,5, 
02/02/2020,34,31,22,7, 
03/02/2020,38,12,25,6, 
04/02/2020,20,22,21,12, 
05/02/2020,31,25,15,16, 
06/02/2020,56,30,10,18, 
07/02/2020,75,24,12,11, 
08/02/2020,57, ,29,2, 
09/02/2020,34, ,28,2, 
10/02/2020,35,19,27,4, 
11/02/2020,26,17,27,6, 
12/02/2020,21,14,20,9, 
13/02/2020,26,15,20,9, 
14/02/2020,35,16,24,5, 
15/02/2020,36,8,32,2, 
16/02/2020,20,17,29,4, 
17/02/2020,23,18,27,5, 
18/02/2020,33,17,25,5, 
19/02/2020,28,10,27,5, 
20/02/2020,29,20,27,6, 
21/02/2020,36,17,28,4, 
22/02/2020,34,14,27,3, 
23/02/2020,30,13,26,7, 
24/02/2020,28,12,26,6, 
25/02/2020,21,10,25,7, 
26/02/2020,17,13,23,10, 
27/02/2020,30,12,24,9, 
28/02/2020,31,25,29,3, 
29/02/2020,39,9,27,3, 
01/03/2020,22,12,21,9, 
02/03/2020,24,13,21,10, 
03/03/2020,24,14,23,12, 
04/03/2020,38,15,15,10, 
05/03/2020,49,14,25,4, 
06/03/2020,56,13,24,7, 
07/03/2020,35,11,26,4, 
08/03/2020,31,16,24,6, 
09/03/2020,25,9,25,5, 
10/03/2020,21,9,24,6, 
11/03/2020,18,13,30,3, 
12/03/2020,21,13,26,7, 
13/03/2020,24,14,26,9, 
14/03/2020,46,11,26,4, 
15/03/2020,27,16,25,8, 
16/03/2020,32,16,24,10, 
17/03/2020,45,12,22,8, 
18/03/2020,36,12,19,5, 
19/03/2020,40,12,25,3, 
20/03/2020,28,11,25,2, 
21/03/2020,27,6,29,1, 
22/03/2020,28,12,26,5, 
23/03/2020,38,17,27,8, 
24/03/2020,51,21,34,8, 
25/03/2020,60,26,36,5, 
26/03/2020,70,36,33,4, 
27/03/2020,87,30,34,5, 
28/03/2020,71,17,31,2, 
29/03/2020,31, , , , 
01/10/2019,16,10,21,5, 
02/10/2019,9,10,17,8, 
03/10/2019,13,10,13,8, 
04/10/2019,23,9,18,5, 
05/10/2019,27,10,18,6, 
06/10/2019,33,14,13,8, 
07/10/2019,41,16,13,8, 
08/10/2019,21,12,19,7, 
09/10/2019,15,13,17,7, 
10/10/2019,15,14,17,6, 
11/10/2019,19,8,23,6, 
12/10/2019,13,18,22,5, 
13/10/2019,28,19,18,11, 
14/10/2019,28,16,16,11, 
15/10/2019,27,12,14,8, 
16/10/2019,20,14,17,10, 
17/10/2019,19,10,24,6, 
18/10/2019,18,12,20,6, 
19/10/2019,17,19,9,10, 
20/10/2019,48,9,13,8, 
21/10/2019,21,20,13,10, 
22/10/2019,44,18,8,12, 
23/10/2019,48,18,19,9, 
24/10/2019,41,12,17,7, 
25/10/2019,22,10,21,4, 
26/10/2019,12,14,24,6, 
27/10/2019,16,14,18,13, 
28/10/2019,27,13,20,14, 
29/10/2019,31,14,13,12, 
30/10/2019,53,20,12,13, 
31/10/2019,58,19,4,13, 
01/11/2019,55,11,23,3, 
02/11/2019,17,8,16,5, 
03/11/2019,13,14,13,11, 
04/11/2019,27,16,9,13, 
05/11/2019,34,12,20,11, 
06/11/2019,14,14,11,12, 
08/11/2019,44,18,20,11, 
09/11/2019,36,26,12,13, 
10/11/2019,68,17,15,10, 
11/11/2019,45,11,17,9, 
12/11/2019,24,10,15,13, 
13/11/2019,27,12,8,12, 
14/11/2019,28,24,9,11, 
15/11/2019,67,21,7,14, 
16/11/2019,53,22,8,11, 
17/11/2019,61,10,23,8, 
18/11/2019,24,10,23,12, 
19/11/2019,19,28,7,19, 
20/11/2019,72,26,10,11, 
21/11/2019,71,16,10,14, 
22/11/2019,49,15,6,10, 
23/11/2019,52,28,4,12, 
24/11/2019,72,18,6,12, 
25/11/2019,46,12,13,10, 
26/11/2019,31,9,18,7, 
27/11/2019,17,10,18,7, 
28/11/2019,14,21,22,14, 
29/11/2019,25,18,14,21, 
30/11/2019,43,23,11,16, 
01/12/2019,84,16,17,19, 
02/12/2019,31,22,13,16, 
03/12/2019,54,25,3,22,1
04/12/2019,72,29,1,18, 
05/12/2019,80,11,13,11, 
06/12/2019,48,13,20,7, 
07/12/2019,19,16,26,3, 
08/12/2019,30,17,26,7, 
09/12/2019,20,16,22,11, 
10/12/2019,32,17,16,13, 
11/12/2019,43,13,18,10, 
12/12/2019,33,10,20,10, 
13/12/2019,24,14,27,6, 
14/12/2019,28,15,28,5, 
15/12/2019,32,15,18,14, 
16/12/2019,33,13,14,14, 
17/12/2019,32,16,17,13, 
18/12/2019,46,22,11,10, 
19/12/2019,38,12,22,8, 
20/12/2019,21,11,19,6, 
21/12/2019,16,11,19,6, 
22/12/2019,23,15,17,10, 
23/12/2019,20,23,22,7, 
24/12/2019,32,14,21,6, 
25/12/2019,24,20,10,11, 
26/12/2019,58,13,11,10, 
27/12/2019,53,25,5,14, 
28/12/2019,72,27,3,16, 
29/12/2019,72, , , , 
01/07/2019,20,9,27,3, 
02/07/2019,12,11,29,2, 
03/07/2019,18,12,31,3, 
04/07/2019,20,12,35,5, 
05/07/2019,24,13,24,6, 
06/07/2019,29,11,26,3, 
07/07/2019,12,11,24,3, 
08/07/2019,11,11,31,4, 
09/07/2019,19,16,22,7, 
10/07/2019,24,23,33,8, 
11/07/2019,52,18,22,7, 
12/07/2019,38,14,26,2, 
13/07/2019,20,9,26, , 
14/07/2019,12,8,22,2, 
15/07/2019,11,9,24,3, 
16/07/2019,11,11,30,5, 
17/07/2019,30,12,30,8, 
18/07/2019,45,16,22,6, 
19/07/2019,29,15, ,5, 
20/07/2019,27,10, ,2, 
21/07/2019,14,11,26,6, 
22/07/2019,18,15,62,7, 
23/07/2019,29,28,86,6, 
24/07/2019,50, ,107,7, 
25/07/2019,62, ,91,2, 
26/07/2019,53,19,51,4, 
27/07/2019,54,17,32,2, 
28/07/2019,50,12,34,3, 
29/07/2019,26,15,42,4, 
30/07/2019,25,14,20,3, 
31/07/2019,25,16,32,4, 
01/08/2019,25,15,31,3, 
02/08/2019,23,10,28,1, 
03/08/2019,13,13,39,4, 
04/08/2019,26,14,28,4, 
05/08/2019,30,12,29,3, 
06/08/2019,20,14,26,3, 
07/08/2019,14,12,29,3, 
08/08/2019,17,16,20,7, 
09/08/2019,28,13,27,1, 
10/08/2019,13,17,26,2, 
11/08/2019,24,15,23,5, 
12/08/2019,20,10,28,4, 
13/08/2019,13,12,28,4, 
14/08/2019,22,13,21,2, 
15/08/2019,17,15,23,6, 
16/08/2019,27,11,16,3, 
17/08/2019,18,14,25,2, 
18/08/2019,16,14,25,3, 
19/08/2019,19,17,30,4, 
20/08/2019,24,16,42,9, 
21/08/2019,37,18,40,10, 
22/08/2019,47,17,41,9, 
23/08/2019,41,19,63,7, 
24/08/2019,53,23,63,8, 
25/08/2019,61,21,65,6, 
26/08/2019,63,25,76,8, 
27/08/2019,68,25,43,12, 
28/08/2019,73,14,28,4, 
29/08/2019,30,18,33,7, 
30/08/2019,41,22,47,11,1
31/08/2019,55,11,26,2, 
01/09/2019,13,12,29,4, 
02/09/2019,16,14,24,5, 
03/09/2019,22,15,16,8, 
04/09/2019,20,15,23,4, 
05/09/2019,13,15,23,8, 
06/09/2019,27,21,21,4, 
07/09/2019,15,12,27,2, 
08/09/2019,15,12,28,10, 
09/09/2019,16,17,27,10, 
10/09/2019,33,18,19,9, 
11/09/2019,39,13,18,6, 
12/09/2019,20,10,24,3, 
13/09/2019,21,14,27,5, 
14/09/2019,27,16,27,9, 
15/09/2019,36,9,20,5, 
16/09/2019,16,15,23,7, 
17/09/2019,15,16,24,8, 
18/09/2019,21,10,24,9, 
19/09/2019,12,14,26,10, 
20/09/2019,26,15,26,8, 
21/09/2019,28,16,33,7, 
22/09/2019,28,17,18,7, 
23/09/2019,26,15,14,7, 
24/09/2019,17,15,13,7, 
25/09/2019,22,13,24,7, 
26/09/2019,22,16,17,6, 
27/09/2019,17,14,23,3, 
28/09/2019,17,13,18,3, 
29/09/2019,15,12,22,5, 
30/09/2019,11,12,23,6, 
01/04/2019,34,27,26,12, 
02/04/2019,65,10,27,9, 
03/04/2019,38,14,23,11, 
04/04/2019,41,13,36,9, 
05/04/2019,41,30,22,6, 
06/04/2019,82,31,44,5, 
07/04/2019,91,28,32,9, 
08/04/2019,69,19,37,5, 
09/04/2019,58,10,33,4, 
10/04/2019,41,11,33,5, 
11/04/2019,48,10,31,5, 
12/04/2019,40,9,34,5, 
13/04/2019,46,15,34,8, 
14/04/2019,61,21,33, , 
15/04/2019,66,21,36, , 
16/04/2019,72,16,23,11, 
17/04/2019,52,19,46,7, 
18/04/2019,58,20,46,6, 
19/04/2019,59,23,60,5, 
20/04/2019,63,33,61,5, 
21/04/2019,90,29,55,6,1
22/04/2019,84,23,46,5, 
23/04/2019,45,30,39,7, 
24/04/2019,60,8,29,5, 
25/04/2019,24,10,32,6, 
26/04/2019,28,13,28,4, 
27/04/2019,27,8,25,4, 
28/04/2019,29,8,37,5, 
29/04/2019,41,13,38,4, 
30/04/2019,48,15,35,5, 
01/05/2019,53,25,28,11, 
02/05/2019,67,12,35,3, 
03/05/2019,23,8,32,2, 
04/05/2019,17,13,35,3, 
05/05/2019,34,14,29,8, 
06/05/2019,43,14,27,12, 
07/05/2019,48,15,27,9, 
08/05/2019,49,12,28,7, 
09/05/2019,32,10,36,5, 
10/05/2019,25,10,39,3, 
11/05/2019,31,7,37,2, 
12/05/2019,22,8,34,2, 
13/05/2019,19,9,37,4, 
14/05/2019,25,11,38,4, 
15/05/2019,25,12,33,5, 
16/05/2019,32,11,26,5, 
17/05/2019,30,22,35,6, 
18/05/2019,67,25,30,3, 
19/05/2019,90,20,28,7, 
20/05/2019,64,15,33,5, 
21/05/2019,39,12,35,4, 
22/05/2019,30,16,44,10, 
23/05/2019,42,14,37,13, 
24/05/2019,38,13,32,4, 
25/05/2019,31,17,27,5, 
26/05/2019,43,12,28,4, 
27/05/2019,17,10,32,7, 
28/05/2019,21,10,36,5, 
29/05/2019,26,12,23,4, 
30/05/2019,34,14,24,5, 
31/05/2019,36,12,32,6, 
01/06/2019,33,16,44,4, 
02/06/2019,38,14,29,6, 
03/06/2019,17,14,39,7, 
04/06/2019,28,16,26,7, 
05/06/2019,33,12,32,5, 
06/06/2019,13,14,35,7, 
07/06/2019,28,12,28,2, 
08/06/2019,13,14,31,3, 
09/06/2019,26,13,35,2, 
10/06/2019,27,14,34,5, 
11/06/2019,28,12,26,7, 
12/06/2019,31,8,30,5, 
13/06/2019,15,13,41,6, 
14/06/2019,21,13,34,4, 
15/06/2019,23,15,26,6, 
16/06/2019,42,13,35,6, 
17/06/2019,25,16,45,5, 
18/06/2019,36,14,39,7, 
19/06/2019,27,16,34,5, 
20/06/2019,42,14,30,5, 
21/06/2019,27,10,39,3, 
22/06/2019,31,14,54,3, 
23/06/2019,37,18,57,5, 
24/06/2019,41,26,67,9, 
25/06/2019,60,15,47,3, 
26/06/2019,62,14,31,2, 
27/06/2019,25,18,35,3, 
28/06/2019,36,19,71,5, 
29/06/2019,42,15,36,5, 
30/06/2019,43,15,28,3, 
01/01/2019,60,22,29,3, 
02/01/2019,36,12,21,14, 
03/01/2019,27,14,18,12, 
04/01/2019,38,11,25,5, 
05/01/2019,24,14,22,7, 
06/01/2019,34,19,14,16, 
07/01/2019,58,22,28,3, 
08/01/2019,35,16,24,2, 
09/01/2019,20,18,19,16, 
10/01/2019,19,12,18,10, 
11/01/2019,21,12,18,5, 
12/01/2019,20,13,23,2, 
13/01/2019,19,12,19,6, 
14/01/2019,19,16,16,12, 
15/01/2019,29,13,16,8, 
16/01/2019,35,7,20,7, 
17/01/2019,12,19,9,21, 
18/01/2019,24,24,6,18, 
19/01/2019,66,21,9,14,1
20/01/2019,62,36,2,21, 
21/01/2019,90,37,6,19, 
22/01/2019,99,29,11,12, 
23/01/2019,87,45,9,14, 
24/01/2019,113,47,2,20, 
25/01/2019,118,10,18,8, 
26/01/2019,30,8,21,3, 
27/01/2019,14,10,18,6, 
28/01/2019,17,15,18,13, 
29/01/2019,31,18,12,19, 
30/01/2019,57,21,12,16, 
31/01/2019,57,22,9,17, 
01/02/2019,66,32,4,12, 
02/02/2019,96,16,15,12, 
03/02/2019,51,12,12,11, 
04/02/2019,44,26,9,13, 
05/02/2019,73,13,10,14, 
06/02/2019,56,13,21,5, 
07/02/2019,26,11,19,6, 
08/02/2019,21,18,24,3, 
09/02/2019,29,9,23,4, 
10/02/2019,17,20,19,7, 
11/02/2019,23,18,11,16, 
12/02/2019,38,22,8,17, 
13/02/2019,70,28,7,25,1
14/02/2019,71,25,7,27, 
15/02/2019,64,36,12,22, 
16/02/2019,91,35,14,17, 
17/02/2019,94,35,9,21, 
18/02/2019,65,16,17,10, 
19/02/2019,37,19,16,13, 
20/02/2019,42,28,8,16, 
21/02/2019,71,24,6,18, 
22/02/2019,73,20,10,10, 
23/02/2019,65,21,13,16, 
24/02/2019,67,25,13,23,1
25/02/2019,66,34,11,25,1
26/02/2019,77,38,11,26,1
27/02/2019,86,46,18,19, 
28/02/2019,104,21,25,6, 
01/03/2019,60,20,29,7, 
02/03/2019,52,11,24,3, 
03/03/2019,25,11,31,4, 
04/03/2019,16,13,29,6, 
05/03/2019,23,11,19,6, 
06/03/2019,25,9,29,4, 
07/03/2019,20,18,29,6, 
08/03/2019,33,15,33,5, 
09/03/2019,28,14,30,5, 
10/03/2019,30,16,31,4, 
11/03/2019,24,13,30,9, 
12/03/2019,35,19,28,5, 
13/03/2019,34,16,32,5, 
14/03/2019,30,16,26,8, 
15/03/2019,30,11,32,4, 
16/03/2019,24,9,31,3, 
17/03/2019,20,17,31,5, 
18/03/2019,28,19,22,19, 
19/03/2019,55,25,18,15, 
20/03/2019,73,22,23,12, 
21/03/2019,71,33,18,13, 
22/03/2019,100,30,28,7, 
23/03/2019,74,16,30,6, 
24/03/2019,39,19,35,3, 
25/03/2019,40,22,33,7, 
26/03/2019,39,15,30,7, 
27/03/2019,44,21,19,14, 
28/03/2019,64,33,25,15, 
29/03/2019,90,37,27,13, 
30/03/2019,96,24,34,4, 
31/03/2019,70,13,31,6, 
01/10/2018,16,16,23,9, 
02/10/2018,22,26,26,8, 
03/10/2018,25,25,15,12, 
04/10/2018,46,26,17,16,1
05/10/2018,56,35,22,15,1
06/10/2018,64,11,27,4, 
07/10/2018,17,17,16,15, 
08/10/2018,34,23,20,20,1
09/10/2018,44,38,30,15,1
10/10/2018,58,28,22,12, 
11/10/2018,45,17,22,8, 
12/10/2018,23,19,29,7, 
13/10/2018,30,19,30,8, 
14/10/2018,38,23,19,15, 
15/10/2018,44,29,16,20, 
16/10/2018,55,25,18,16, 
17/10/2018,50,11,22,7,1
18/10/2018,23,14,21,9, 
19/10/2018,36,21,21,14, 
20/10/2018,50,33,23,12, 
21/10/2018,73,20,26,8, 
22/10/2018,34,28,20,8, 
23/10/2018,39,17,19,4, 
24/10/2018,22,18,18,10, 
25/10/2018,28,20,22,8, 
26/10/2018,38,8,22,8, 
27/10/2018,22,9,21,3, 
28/10/2018,14,9,14,5, 
29/10/2018,21,8,11,7, 
30/10/2018,18,14,11,13,1
31/10/2018,33,15,8,15, 
01/11/2018,35,13,23,12, 
02/11/2018,27,23,10,19, 
03/11/2018,58,29,8,16, 
04/11/2018,76,25,2,10, 
05/11/2018,68,24,7,14, 
06/11/2018,49,12,15,10, 
07/11/2018,24,16,17,12, 
08/11/2018,26,23,10,14, 
09/11/2018,51,10,16,6, 
10/11/2018,24,10,19,5, 
11/11/2018,19,13,9,15, 
12/11/2018,28,16,15,10, 
13/11/2018,39,21,10,17, 
14/11/2018,55,26,5,18, 
15/11/2018,60,29,1,16, 
16/11/2018,71,22,10,11, 
17/11/2018,71,19,17,7, 
18/11/2018,71,7,16,5, 
19/11/2018,29,15,19,6, 
20/11/2018,49,26,8,9, 
21/11/2018,68,33,4,9,1
22/11/2018,88,30,1,15,1
23/11/2018,70,28,4,10,1
24/11/2018,80,32,2,8, 
25/11/2018,85,29,7,8, 
26/11/2018,80,31,6,12, 
27/11/2018,73,17,5,12,1
28/11/2018,52,9,14,9, 
29/11/2018,26,19,16,12, 
30/11/2018,34,13,18,8, 
01/12/2018,34,8,20,4, 
02/12/2018,12,20,23,7, 
03/12/2018,30,18,20,19, 
04/12/2018,24,20,3,18, 
05/12/2018,51,13,16,10, 
06/12/2018,35,7,22,6, 
07/12/2018,16,16,25,5, 
08/12/2018,28,15,28,4, 
09/12/2018,24,14,29,9, 
10/12/2018,22,16,20,17, 
11/12/2018,18,14,6,18, 
12/12/2018,27,12,8,11, 
13/12/2018,46,16,7,10, 
14/12/2018,44,27,11,10, 
15/12/2018,62,24,9,11, 
16/12/2018,70,14,14,14, 
17/12/2018,37,16,15,12, 
18/12/2018,39,12,13,12, 
19/12/2018,30,13,16,10, 
20/12/2018,31,13,23,7, 
21/12/2018,28,15,23,7, 
22/12/2018,24,16,20,8, 
23/12/2018,29,12,20,9, 
24/12/2018,27,16,16,9, 
25/12/2018,50,24,8,15,1
26/12/2018,73,35, ,23,1
27/12/2018,83,39, ,17, 
28/12/2018,98,28,20,12, 
29/12/2018,63,18,24,9, 
30/12/2018,36, , , , 
01/07/2018,15,11,44,3, 
02/07/2018,18,11,40,4, 
03/07/2018,22,15,39,4, 
04/07/2018,25,10,25,4, 
05/07/2018,18,15,40,4, 
06/07/2018,36,14,34,3,1
07/07/2018,25,11,33,3, 
08/07/2018,21,14,25,4, 
09/07/2018,30,18,27,3, 
10/07/2018,24,15,33,3, 
11/07/2018,21,15,32,4, 
12/07/2018,34,15,33,3, 
13/07/2018,27,8,31,3, 
14/07/2018,12,8,42,3, 
15/07/2018,13,15,51,6,1
16/07/2018,23,16,40,6,1
17/07/2018,25,14,36,7, 
18/07/2018,21,14,39,5, 
19/07/2018,25,13,42,3, 
20/07/2018,24,12,49,3, 
21/07/2018,32,10,46,4, 
22/07/2018,39,14,40,7, 
23/07/2018,31,15,62,7,1
24/07/2018,27,13,46,7, 
25/07/2018,28,17,81,6,1
26/07/2018,38,18,73,7,1
27/07/2018,33,20,41,4, 
28/07/2018,38,17,35,6, 
29/07/2018,29,13,33,5, 
30/07/2018,19,10,28,5, 
31/07/2018,16,11,34,9, 
01/08/2018,35,11,49,6, 
02/08/2018,33,15,62,5, 
03/08/2018,42,8,37,3, 
04/08/2018,26,9,30,1, 
05/08/2018,22,12,57,5,1
06/08/2018,21,22,72,8, 
07/08/2018,37,13,40,4, 
08/08/2018,38,12,27,10, 
09/08/2018,27,11,26,3, 
10/08/2018,24,8,28,3, 
11/08/2018,29,11,35,8, 
12/08/2018,28,10,23,11, 
13/08/2018,25,10,31,4, 
14/08/2018,18,14,20,7, 
15/08/2018,40,10,23,6, 
16/08/2018,24,10,26,5, 
17/08/2018,22,13,21,7, 
18/08/2018,35,14,21,5, 
19/08/2018,36,9,21,5, 
20/08/2018,19,12,26,7, 
21/08/2018,37,14,28,10, 
22/08/2018,47,15,16,9, 
23/08/2018,49,10,21,4, 
24/08/2018,16,7,21,4, 
25/08/2018,8,7,28,5, 
26/08/2018,16,10,22,5, 
27/08/2018,19,14,23,9,1
28/08/2018,32,19,22,13, 
29/08/2018,62,12,22,6, 
30/08/2018,30,9,20,8, 
31/08/2018,19,12,30,8, 
01/09/2018,28,11,34,5, 
02/09/2018,31,12,27,5, 
03/09/2018,42,24,33,5, 
04/09/2018,63,19,26,8, 
05/09/2018,59,15,25,8, 
06/09/2018,41,13,23,7, 
07/09/2018,24,14,22,6, 
08/09/2018,23,15,34,7, 
09/09/2018,33,17,26,6, 
10/09/2018,28,17,24,5, 
11/09/2018,29,9,19,5, 
12/09/2018,23,11,24,7, 
13/09/2018,25,14,27,11,1
14/09/2018,35,13,26,6, 
15/09/2018,27,15,31,11, 
16/09/2018,39,20,33,16,1
17/09/2018,36,24,30,9, 
18/09/2018,40,20,26,7, 
19/09/2018,34,24,25,9,1
20/09/2018,34,16,23,5, 
21/09/2018,17,13,20,5, 
22/09/2018,24,9,19,6, 
23/09/2018,29,15,25,7, 
24/09/2018,22,14,21,13, 
25/09/2018,27,18,21,14, 
26/09/2018,44,25,25,20,2
27/09/2018,59,18,24,6, 
28/09/2018,28,18,21,9, 
29/09/2018,24,18,28,9, 
30/09/2018,41,13,23,7, 
01/04/2018,75,29,25,9, 
02/04/2018,73,12,22,9, 
03/04/2018,31,10,26,11, 
04/04/2018,20,17,32,6, 
05/04/2018,25,18,29,14,1
06/04/2018,43,13,31,13, 
07/04/2018,37,41,40,14, 
08/04/2018,65,35,22,7, 
09/04/2018,82,46,31,8, 
10/04/2018,76,39,24,9, 
11/04/2018,85,37,16,9, 
12/04/2018,89,37,18,15, 
13/04/2018,76,33,29,10, 
14/04/2018,91,35,29,6, 
15/04/2018,68,17,31,7, 
16/04/2018,39,26,37,13, 
17/04/2018,51,37,44,18,1
18/04/2018,61,46,40,12,1
19/04/2018,69,47,46,22,1
20/04/2018,98,17,40,7, 
21/04/2018,73,25,48,5,1
22/04/2018,64,21,31,6, 
23/04/2018,34,20,25,7, 
24/04/2018,35,13,30,4, 
25/04/2018,18,16,32,5, 
26/04/2018,22,17,33,7, 
27/04/2018,26,14,25,6, 
28/04/2018,36,20,22,8, 
29/04/2018,65,9,27,5, 
30/04/2018,20,10,33,5,1
01/05/2018,18,17,36,9, 
02/05/2018,32,13,35,6, 
03/05/2018,18,12,39,7, 
04/05/2018,24,13,45,5, 
05/05/2018,40,19,47,5,1
06/05/2018,47,16,48,8,1
07/05/2018,49,23,60,11,1
08/05/2018,49,25,46,12, 
09/05/2018,73,14,33,6, 
10/05/2018,42,19,38,6, 
11/05/2018,45,20,52,7, 
12/05/2018,53,22,34,6, 
13/05/2018,68,22,52,4, 
14/05/2018,59,21,52,5, 
15/05/2018,47,22,41,3, 
16/05/2018,54,29,32,1, 
17/05/2018,39,25,29,3, 
18/05/2018,43,18,30,3, 
19/05/2018,46,25,43,7, 
20/05/2018,63,17,46,4, 
21/05/2018,44,18,41,7, 
22/05/2018,41,17,46,7, 
23/05/2018,50,19,35,8, 
24/05/2018,46,29,46,7, 
25/05/2018,58,31,57,5,1
26/05/2018,57,20,43,5, 
27/05/2018,46,22,59,8,1
28/05/2018,51,24,50,6, 
29/05/2018,74,24,39,8, 
30/05/2018,71,55,38,8, 
31/05/2018,61,21,36,9, 
01/06/2018,63,21,23,6, 
02/06/2018,67,13,35,5, 
03/06/2018,54,11,43,3, 
04/06/2018,37,17,36,2, 
05/06/2018,46,24,45,4, 
06/06/2018,45,22,63,7,1
07/06/2018,48,23,39,7, 
08/06/2018,64,14,39,2, 
09/06/2018,39,17,38,1, 
10/06/2018,31,12,32,3, 
11/06/2018,27,11,26,2, 
12/06/2018,24,11,27,2, 
13/06/2018,13,16,26,10, 
14/06/2018,29,18,38,6, 
15/06/2018,48,19,29,6, 
16/06/2018,43,15,23,3, 
17/06/2018,24,14,25,5, 
18/06/2018,25,15,17,7, 
19/06/2018,26,14,17,7, 
20/06/2018,28,18,23,4, 
21/06/2018,21,20,25,2, 
22/06/2018,25,19,33,4, 
23/06/2018,30,13,24,3, 
24/06/2018,30,11,26,2, 
25/06/2018,24,13,33,3, 
26/06/2018,35,17,34,4, 
27/06/2018,46,16,43,5, 
28/06/2018,41,11,37,3, 
29/06/2018,26,18,43,3, 
30/06/2018,27,10,38,2,1
06/01/2018,42,10,16,4, 
07/01/2018,25,11,16,8, 
08/01/2018,34,22,9,12, 
09/01/2018,57,18,4,16, 
10/01/2018,42,22,3,14, 
11/01/2018,54,21,2,11, 
12/01/2018,63,36,5,14, 
13/01/2018,81,25,8,8, 
14/01/2018,66,21,17,10, 
15/01/2018,48,13,25,8, 
16/01/2018,12,17,26,7, 
17/01/2018,16,15,26,10, 
18/01/2018,18,14,22,14, 
19/01/2018,14,16,19,13, 
20/01/2018,36,14,22,11, 
21/01/2018,30,19,20,12, 
22/01/2018,26,16,16,14, 
23/01/2018,30,6,22,6, 
24/01/2018,16,16,27,14, 
25/01/2018,26,30,5,21, 
26/01/2018,61,19,18,10, 
27/01/2018,54,10,19,7, 
28/01/2018,28,13,23,6, 
29/01/2018,18,20,17,18, 
30/01/2018,27,16,24,11, 
31/01/2018,20,14,21,12, 
01/02/2018,14,10,21,8, 
02/02/2018,11,16,15,14, 
03/02/2018,21,10,20,3, 
04/02/2018,17,17,16,7, 
05/02/2018,49,21,17,12, 
06/02/2018,55,26,19,16, 
07/02/2018,58,38,9,23,1
08/02/2018,83,28,15,15, 
09/02/2018,68,22,21,11, 
10/02/2018,51,13,26,6, 
11/02/2018,13,17,24,10, 
12/02/2018,22,16,23,13, 
13/02/2018,25,20,19,13, 
14/02/2018,42,17,20,15, 
15/02/2018,36,26,21,21, 
16/02/2018,34,34,16,22,1
17/02/2018,71,44,12,19,1
18/02/2018,103,45,7,19, 
19/02/2018,101,45,12,19, 
20/02/2018,109,48,22,12,1
21/02/2018,126,24,24,9, 
22/02/2018,76,27,23,8, 
23/02/2018,74,15,24,4, 
24/02/2018,56,11,28,3, 
25/02/2018,37,11,26,5, 
26/02/2018,41,12,26,7, 
27/02/2018,34,25,22,8, 
28/02/2018,75,30,25,6, 
01/03/2018,68,42,25,9,1
02/03/2018,103,59,20,10, 
03/03/2018,152,46,20,12, 
04/03/2018,114,17,25,12, 
05/03/2018,43,28,12,22, 
06/03/2018,59,32,18,18, 
07/03/2018,72,16,23,11,1
08/03/2018,31,21,22,11, 
09/03/2018,40,16,17,10, 
10/03/2018,41,15,15,11, 
11/03/2018,42,11,22,10, 
12/03/2018,23,8,22,8, 
13/03/2018,16,15,25,12, 
14/03/2018,41,19,17,11, 
15/03/2018,57,23,15,8, 
16/03/2018,67,13,28,3, 
17/03/2018,36,16,30,3,1
18/03/2018,27,14,31,5, 
19/03/2018,36,15,32,6, 
20/03/2018,33,24,32,12, 
21/03/2018,39,24,26,9, 
22/03/2018,54,25,26,10, 
23/03/2018,59,23,27,7,1
24/03/2018,57,30,26,9, 
25/03/2018,82,19,23,15, 
26/03/2018,52,24,22,11, 
27/03/2018,60,19,19,13, 
28/03/2018,49,18,30,10, 
29/03/2018,44,13,31,9, 
30/03/2018,38,12,28,8, 
31/03/2018,34,25,29,6, 
01/04/2017,57,17,31,8, 
02/04/2017,48,12,30,6, 
03/04/2017,36,22,29,16, 
04/04/2017,54,22,31,6, 
05/04/2017,45,25,31,4, 
06/04/2017,28,23,28,12, 
07/04/2017,40,10,30,6, 
08/04/2017,36,32,33,15,1
09/04/2017,91,20,31,7, 
10/04/2017,38,16,30,9,1
11/04/2017,25,18,24,10, 
12/04/2017,47,17,31,6, 
13/04/2017,22,19,29,12, 
14/04/2017,36,13,32,5, 
15/04/2017,26,15,32,3, 
16/04/2017,14,8,35,2, 
17/04/2017,10,9,32,6, 
18/04/2017,17,10,33,6, 
19/04/2017,31,17,29,15,1
20/04/2017,53,22,23,11,1
21/04/2017,58,12,32,3, 
22/04/2017,22,9,30,4, 
23/04/2017,17,12,23,10, 
24/04/2017,28,8,30,5, 
25/04/2017,9,11,29,8, 
26/04/2017,14,13,32,7, 
27/04/2017,16,10,30,6, 
28/04/2017,23,11,32,7, 
29/04/2017,22,12,40,6, 
30/04/2017,30,13,32,6, 
01/05/2017,25,18,24,9, 
02/05/2017,50,10,23,6, 
03/05/2017,39,10,25,6, 
04/05/2017,28,10,28,5, 
05/05/2017,24,15,32,4, 
06/05/2017,48,17,30,4, 
07/05/2017,53,16,33,4, 
08/05/2017,19,17,31,4, 
09/05/2017,23,12,29,7,1
10/05/2017,20,16,34,9, 
11/05/2017,39,15,28,7,1
12/05/2017,24,16,24,8, 
13/05/2017,38,18,33,7, 
14/05/2017,38,15,31,10, 
15/05/2017,23,18,35,10,1
16/05/2017,33,21,54,13, 
17/05/2017,49,29,31,7, 
18/05/2017,36,14,28,5, 
19/05/2017,22,15,30,6, 
20/05/2017,29,13,36,8, 
21/05/2017,36,14,46,7, 
22/05/2017,28,22,29,10, 
23/05/2017,37,15,28,8, 
24/05/2017,31,11,30,3, 
25/05/2017,22,7,36,4, 
26/05/2017,11,17,50,5, 
27/05/2017,24,10,35,6, 
28/05/2017,15,13,52,6, 
29/05/2017,34,21,32,7, 
30/05/2017,55,11,29,6, 
31/05/2017,15,14,38,5, 
01/06/2017,12,17,59,9,1
02/06/2017,32,16,42,6, 
03/06/2017,42,13,29,3,2
04/06/2017,19,14,33,6, 
05/06/2017,19,12,25,4, 
06/06/2017,9,18,25,4, 
07/06/2017,15,16,28,6, 
08/06/2017,14,16,26,8, 
09/06/2017,18,21,39,4, 
10/06/2017,22,14,40,6, 
11/06/2017,23,19,25,5, 
12/06/2017,17,15,28,6, 
13/06/2017,18,10,36,7, 
14/06/2017,12,19,44,9, 
15/06/2017,31,20,26,4, 
16/06/2017,19,15,26,5, 
17/06/2017,28,18,30,4, 
18/06/2017,31,13,13,12, 
19/06/2017,20, , , , 
02/01/2017,37,13,18,13, 
03/01/2017,36,24,27,5, 
04/01/2017,31,14,25,4, 
05/01/2017,30,28, , , 
09/01/2017,70,16,12,19, 
10/01/2017,36,20,28,12, 
11/01/2017,44,20,24,10, 
12/01/2017,34,13,27,8, 
13/01/2017,24,13,29,7, 
14/01/2017,27,17,16,20, 
15/01/2017,41,15,11,17, 
16/01/2017,62,31,13,14, 
17/01/2017,89,43,7,18, 
18/01/2017,115,44,2,24,1
19/01/2017,113,29,6,25, 
20/01/2017,83,26,10,16, 
21/01/2017,78,46,4,25, 
22/01/2017,126,53,6,21, 
23/01/2017,144,29,3,22, 
24/01/2017,84,53,8,19,1
25/01/2017,131,38,8,22, 
26/01/2017,96,36,5,25,1
27/01/2017,90,30,8,21,1
28/01/2017,68,18,15,11, 
29/01/2017,57,8,20,9,1
30/01/2017,29,16,20,9, 
31/01/2017,49,20,7,16, 
01/02/2017,67,17,7,13, 
02/02/2017,51,15,14,16, 
03/02/2017,32,11,17,12, 
04/02/2017,30,18,18,12, 
05/02/2017,62,19,12,14, 
06/02/2017,66,26,3,13, 
07/02/2017,77,39,7,10, 
08/02/2017,102,45,11,10, 
09/02/2017,119,56,8,12, 
10/02/2017,147,72,7,12, 
11/02/2017,161,56,15,7, 
12/02/2017,148,53,17,10, 
13/02/2017,137,54,19,20,1
14/02/2017,109,49,7,26, 
15/02/2017,92,22,17,14, 
16/02/2017,57,20,15,13, 
17/02/2017,38,26,12,16, 
18/02/2017,73,30,15,12, 
19/02/2017,79,16,11,13, 
20/02/2017,44,14,24,9, 
21/02/2017,19,12,22,8, 
22/02/2017,21,9,28,6, 
23/02/2017,16,17,31,10, 
24/02/2017,17,15,24,12,1
25/02/2017,45,15,22,6, 
26/02/2017,39,7,28,6, 
27/02/2017,11,8,31,7, 
28/02/2017,17,10,25,9, 
01/03/2017,30,16,28,9, 
02/03/2017,27,24,17,17, 
03/03/2017,38,12,23,11, 
04/03/2017,32,12,29,6, 
05/03/2017,16,12,27,11, 
06/03/2017,23,18,22,10, 
07/03/2017,42,16,16,14, 
08/03/2017,35,14,29,13, 
09/03/2017,21,21,25,16,1
10/03/2017,33,26,16,17,1
11/03/2017,61,16,22,13, 
12/03/2017,42,23,18,17, 
13/03/2017,61,29,15,18, 
22/03/2017,52,17,25,10, 
23/03/2017,51,17,29,6, 
24/03/2017,59,10,31,5, 
25/03/2017,37,11,25,3, 
26/03/2017,38,19,25,14,1
27/03/2017,55,32,35,23,1
28/03/2017,66,20,26,8, 
29/03/2017,34,19,24,14,1
30/03/2017,41,20,27,12, 
31/03/2017,36,24,24,11,1
01/10/2016,22,10,23,5, 
02/10/2016,7,8,27,6, 
03/10/2016,5,10,18,7, 
04/10/2016,21,9,21,6, 
05/10/2016,16,9,17,8, 
06/10/2016,22,8,13,7, 
07/10/2016,17,11,20,6, 
08/10/2016,24,9,20,6, 
09/10/2016,31,12,20,12, 
10/10/2016,34,10,10,10, 
11/10/2016,37,10,9,6, 
12/10/2016,27,10,10,6, 
13/10/2016,27,17,8,7, 
14/10/2016,48,22,9,10, 
15/10/2016,59,15,20,8, 
16/10/2016,43,19,13,14, 
17/10/2016,48,15,12,16, 
18/10/2016,38,8,24,8, 
19/10/2016,14,8,14,12, 
20/10/2016,18,12,10,12, 
21/10/2016,36,14,14,8, 
22/10/2016,34,23,14,10, 
23/10/2016,67,22,3,9, 
24/10/2016,64,23,3,10, 
25/10/2016,76,39,3,16, 
26/10/2016,101,28,10,15, 
27/10/2016,70,19,11,11, 
28/10/2016,37,22,19,15, 
29/10/2016,40,31,10,15, 
30/10/2016,74,24,7,18, 
31/10/2016,66,20,15,17, 
01/11/2016,54,13,18,12, 
02/11/2016,16,14,8,20, 
03/11/2016,25,23,6,17, 
04/11/2016,51,15,16,11, 
05/11/2016,38,8,20,9, 
06/11/2016,16,12,9,10, 
07/11/2016,34,20,7,16, 
08/11/2016,51,16,4,15, 
09/11/2016,52,13,1,15,1
10/11/2016,49,30,8,15, 
11/11/2016,78,37,5,14, 
12/11/2016,100,30,3,11, 
13/11/2016,83,29, ,14, 
14/11/2016,82,15,1,14, 
15/11/2016,41,11,20,11, 
16/11/2016,23,12,24,9, 
17/11/2016,14,9,25,8, 
18/11/2016,13,10,19,8, 
19/11/2016,25,10,24,4, 
20/11/2016,13,10,13,8, 
21/11/2016,11, ,16,10, 
22/11/2016,11,22,3,18, 
23/11/2016,30,9,17,7, 
25/11/2016,51,28,2,15, 
26/11/2016,83,21,23,11, 
27/11/2016,49,14,16,15, 
28/11/2016,41,35,4,27, 
29/11/2016,75,27,1,29,1
30/11/2016,71,23,13,17, 
01/12/2016,55,20,21,15, 
02/12/2016,33,27,5,26, 
03/12/2016,81,28,7,20, 
04/12/2016,92,31,1,25, 
05/12/2016,84,50, ,26,1
06/12/2016,123,31,2,25,1
07/12/2016,79,28,8,21,1
08/12/2016,68,38,2,19, 
09/12/2016,93,32,3,16, 
10/12/2016,89,18,22,5, 
11/12/2016,31,23,9,18, 
12/12/2016,55,29,9,14, 
13/12/2016,77,36, ,16,1
14/12/2016,83,27,2,20, 
15/12/2016,77,27,3,16, 
16/12/2016,75,31,8,15, 
17/12/2016,80,21,7,15, 
18/12/2016,70,28,4,19, 
19/12/2016,83,24,1,16, 
20/12/2016,82,25,7,15, 
21/12/2016,79,20,5,15, 
22/12/2016,64,22,17,16, 
23/12/2016,63,20,23,7, 
24/12/2016,42,19,25,3, 
25/12/2016,30,12,27,2, 
26/12/2016,25,28,25,11, 
27/12/2016,42,17,4,22, 
28/12/2016,55,25,1,20, 
29/12/2016,82,39, ,20, 
30/12/2016,108,40,1,18,1
31/12/2016,105,67,6,12, 
01/01/2017,120,12,20,13, 
01/07/2016,9,12,26,3, 
02/07/2016,12,13,24,2, 
03/07/2016,20,13,34,8, 
04/07/2016,36,12,27,6, 
05/07/2016,24,8,26,3, 
06/07/2016,14,16,40,9, 
07/07/2016,44,15,21,11, 
08/07/2016,38,18,27,7, 
09/07/2016,39,13,37,5, 
10/07/2016,25,15,24,3, 
11/07/2016,17,12,22,5, 
12/07/2016,19,12,24,7, 
13/07/2016,23,12,23,5, 
14/07/2016,16,14,29,5, 
15/07/2016,17,13,18,5, 
16/07/2016,20,12,23,4, 
17/07/2016,25,13,38,8, 
18/07/2016,27,20,85,9,1
19/07/2016,43,23,52,8, 
20/07/2016,37,28,42,6,1
21/07/2016,50,26,43,7, 
22/07/2016,51,17,40,2, 
23/07/2016,36,19,39,3, 
24/07/2016,41,14,24,6, 
25/07/2016,32,13,29,9, 
26/07/2016,22,13,18,6, 
27/07/2016,23,12,27,6, 
28/07/2016,29,12,18,5, 
29/07/2016,15,12,22,4, 
30/07/2016,19,9,26,3, 
31/07/2016,2,10,27,5, 
01/08/2016,28,8,15,6, 
02/08/2016,32,7,16,3, 
03/08/2016,9,18,26,3, 
04/08/2016,9,13,24,5, 
05/08/2016,16,13,25,5, 
06/08/2016,26,13,12,6, 
07/08/2016,27,16,26,2, 
08/08/2016,16,11,21,5, 
09/08/2016,12,11,20,3, 
10/08/2016,12,16,13,10, 
11/08/2016,17,13,14,5, 
12/08/2016,11,15,20,5, 
13/08/2016,20,11,22,5, 
14/08/2016,16,8,26,4, 
15/08/2016,11,10,28,3, 
16/08/2016,21,9,34,5, 
17/08/2016,20,12,38,5, 
18/08/2016,22,22,35,9, 
19/08/2016,46,12,28,5, 
20/08/2016,16,12,22,4, 
21/08/2016,7,18,22,6, 
22/08/2016,11,17,40,10,1
23/08/2016,21,19,61,13, 
24/08/2016,47,25,72,13, 
25/08/2016,56,21,40,10, 
26/08/2016,66,10,41,4, 
27/08/2016,18,21,21,6, 
28/08/2016,64,10,28,4, 
29/08/2016,6,14,29,10, 
30/08/2016,25,21,39,13,1
31/08/2016,46,16,26,9, 
01/09/2016,44,19,18,13, 
02/09/2016,39,15,23,6, 
03/09/2016,22,11,22,3, 
04/09/2016,7,11,26,5, 
05/09/2016,18,14,15,12, 
06/09/2016,27,17,40,15, 
07/09/2016,36,21,30,14, 
08/09/2016,44,23,25,10, 
09/09/2016,28,22,42,12, 
10/09/2016,39,12,19,10, 
11/09/2016,29,21,36,14, 
12/09/2016,43,28,59,14, 
13/09/2016,49,36,49,15, 
14/09/2016,58,40,56,11, 
15/09/2016,69,16,21,8, 
16/09/2016,26,13,22,6, 
17/09/2016,25,12,25,3, 
18/09/2016,32,10,20,8, 
19/09/2016,21,13,25,12, 
20/09/2016,29,15,28,14, 
21/09/2016,38,27,4,23,1
22/09/2016,62,23,29,11, 
23/09/2016,33,18,45,13, 
24/09/2016,40,19,33,7, 
25/09/2016,37,21,16,13, 
26/09/2016,14,20,20,14, 
27/09/2016,30,22,20,9, 
28/09/2016,30,20,20,7, 
29/09/2016,35,18,20,10, 
30/09/2016,16,14,21,10, 
01/04/2016,39,26,23,15, 
02/04/2016,72,21,32,7, 
03/04/2016,52,17,28,9, 
04/04/2016,33,15,27,17, 
05/04/2016,43,17,26,8, 
06/04/2016,42,11,27,6, 
07/04/2016,23,13,23,12, 
08/04/2016,38,24,33,14,1
09/04/2016,64,14,33,5,1
10/04/2016,44,19,30,5, 
11/04/2016,59,13,31,7, 
12/04/2016,26,11,29,11, 
13/04/2016,40,25,33,17, 
14/04/2016,70,15,28,11, 
15/04/2016,35,8,33,5, 
16/04/2016,21,9,31,4, 
17/04/2016,18,17,24,12, 
18/04/2016,39,18,30,7, 
19/04/2016,34,21,31,6, 
20/04/2016,38,20,31,7, 
21/04/2016,41,13,30,4, 
22/04/2016,31,9,32,3, 
23/04/2016,20,7,30,3, 
24/04/2016,23,10,29,9, 
25/04/2016,19,9,31,6, 
26/04/2016,15,7,35,5, 
27/04/2016,15,10,31,9, 
28/04/2016,29,11,25,10, 
29/04/2016,28,11,36,6, 
30/04/2016,25,10,39,3, 
01/05/2016,30,14,36,15,2
02/05/2016,46,11,33,4, 
03/05/2016,28,16,37,11,1
04/05/2016,43,13,42,7,1
05/05/2016,48,17,44,7,1
06/05/2016,49,36,60,11, 
07/05/2016,47, ,56,4, 
08/05/2016,31, ,50,4,1
09/05/2016,21,18,38,10,1
10/05/2016,34,18,51,9, 
11/05/2016,35,20,61,5, 
12/05/2016,43,19,42,4, 
13/05/2016,37,14,37,1, 
14/05/2016,21,11,34,3, 
15/05/2016,29,9,33,4, 
16/05/2016,21,16,38,9,1
17/05/2016,50,17,33,9,1
18/05/2016,45,17,27,10,1
19/05/2016,49,13,28,8, 
20/05/2016,28,14,30,7, 
21/05/2016,37,13,24,7, 
22/05/2016,29,5,29,5, 
23/05/2016,20,20,29,2, 
24/05/2016,33,12,21,8, 
25/05/2016,29,16,34,9, 
26/05/2016,62,15,37,6, 
27/05/2016,75,18,35,4, 
28/05/2016,73,19,33,4, 
29/05/2016,66,18,32,2, 
30/05/2016,59,13,31,5, 
31/05/2016,30,28,32,6, 
01/06/2016,71,27,32,2, 
02/06/2016,55,16,27,6, 
03/06/2016,52,26,43,7, 
04/06/2016,79,17,36,3, 
05/06/2016,40,20,35,4, 
06/06/2016,44,17,36,5, 
07/06/2016,42,15,32,4, 
08/06/2016,44,23,40,2, 
09/06/2016,42,18,37,4, 
10/06/2016,35,14,37,4, 
11/06/2016,45,18,37,5,1
12/06/2016,52,11,29,5, 
13/06/2016,44,15,18,7, 
14/06/2016,34,13,18,10, 
15/06/2016,30,12,25,7, 
16/06/2016,30,11,25,7, 
17/06/2016,32,11,26,5, 
18/06/2016,32,20,33,3, 
19/06/2016,40,13,24,7, 
20/06/2016,40,16,9,9, 
21/06/2016,37,12,26,7, 
22/06/2016,35,16,36,8, 
23/06/2016,35,18,30,8, 
24/06/2016,43,16,22,9,1
25/06/2016,39,11,26,4, 
26/06/2016,29,14,23,6, 
27/06/2016,31,17,33,9, 
28/06/2016,40,15,26,5, 
29/06/2016,21,12,17,7, 
30/06/2016,16,11,16,6, 
04/01/2016,33,17,13,12, 
05/01/2016,31,50,1,15, 
06/01/2016,135,18,24,12, 
07/01/2016,54,19,24,15, 
08/01/2016,32,14,16,11, 
09/01/2016,41,10,24,4, 
10/01/2016,20,9,16, , 
11/01/2016,31,9,17, , 
12/01/2016,27,13,15,18, 
13/01/2016,21,11,20,13, 
14/01/2016,34,13,17,12, 
15/01/2016,52,12,26,8, 
16/01/2016,34,15,25,10, 
17/01/2016,39,24,7,23, 
18/01/2016,74,36,1,28,1
19/01/2016,85,25,4,29, 
20/01/2016,76,38,2,25, 
21/01/2016,100,30,3,21, 
22/01/2016,90,25,12,15, 
23/01/2016,60,17,15,8, 
24/01/2016,60,18,8,14, 
25/01/2016,60,19,20,10, 
26/01/2016,48,11,23,5, 
27/01/2016,29,16,23,11, 
28/01/2016,35,12,21,7, 
29/01/2016,40,12,26,5, 
30/01/2016,28,12,25,6, 
31/01/2016,33,16,28,6, 
01/02/2016,32,23,27,6, 
02/02/2016,34,16,22,8, 
03/02/2016,28,10,15,12, 
04/02/2016,34,14,9,16, 
05/02/2016,57,12,21,6, 
06/02/2016,37,13,27,3, 
07/02/2016,28,17,28,4, 
08/02/2016,32,16,28,8, 
09/02/2016,36,10,25,9, 
10/02/2016,27,15,18,20, 
11/02/2016,38,20,12,19, 
12/02/2016,66,19,13,13, 
13/02/2016,75,15,25,7, 
14/02/2016,71,14,26,7, 
15/02/2016,33,17,16,24, 
16/02/2016,53,41,9,20, 
17/02/2016,80,32,6,22, 
18/02/2016,86,23,15,18, 
19/02/2016,69,9,23,6, 
20/02/2016,37,9,26,3, 
21/02/2016,21,14,25,8, 
22/02/2016,26,16,23,13, 
23/02/2016,31,12,23,13, 
24/02/2016,33,12,24,15, 
25/02/2016,31,27,18,21, 
26/02/2016,60,21,26,9, 
27/02/2016,66,16,27,6, 
28/02/2016,59, ,25,12, 
29/02/2016,50,29,1,32, 
01/03/2016,71,9,25,8, 
02/03/2016,33,17,26,14, 
03/03/2016,36,17,13,20, 
04/03/2016,55,25,18,24, 
05/03/2016,66,25,27,13, 
06/03/2016,73,12,25,12, 
07/03/2016,28,14,20,16, 
08/03/2016,33,21,21,10, 
09/03/2016,60,30,22,12, 
10/03/2016,86,42,13,10, 
11/03/2016,123,31,24,9, 
12/03/2016,98,21,27,4, 
13/03/2016,70,20,26,6, 
14/03/2016,72,18,16,9, 
15/03/2016,72,18,24,7, 
18/03/2016,29,17,34,1, 
19/03/2016,30,12,30,3, 
20/03/2016,29,22,23,8, 
21/03/2016,45,19,20,10, 
22/03/2016,49,8,32,5, 
23/03/2016,35,35,21,12, 
24/03/2016,85,19,26,7, 
25/03/2016,36,14,25,10, 
26/03/2016,44,10,32,4, 
27/03/2016,20,10,29,2, 
28/03/2016,14,13,28,5, 
29/03/2016,16,14,28,8, 
30/03/2016,21,18,25,20, 
31/03/2016,47,14,29,8, 
01/10/2015,48,23,20,13, 
02/10/2015,61,29,8,15,1
03/10/2015,91,48,23,17, 
04/10/2015,133,21,11,15, 
05/10/2015,70,15,6,12, 
06/10/2015,46,12,10,10, 
07/10/2015,18,16,16,13, 
08/10/2015,36,20,17,19, 
09/10/2015,44,21,19,6, 
10/10/2015,65,21,20,6, 
11/10/2015,67,20,16,12, 
12/10/2015,65,24,15,12, 
13/10/2015,81,19,7,15, 
14/10/2015,67,17,9,12, 
15/10/2015,76,20,10,10, 
16/10/2015,80,17,1,15, 
17/10/2015,72,17,1,12,1
18/10/2015,67,21,7,9, 
19/10/2015,80,13,18,14, 
20/10/2015,40,19,5,21, 
21/10/2015,63,12,18,10, 
22/10/2015,38,20,15,19, 
23/10/2015,50,18,12,15, 
24/10/2015,57,19,22,12, 
25/10/2015,43,19,7,14, 
26/10/2015,59,24,3,17, 
27/10/2015,76,29,1,15, 
28/10/2015,78,22,12,17, 
29/10/2015,65,21,5,17, 
30/10/2015,67,30,4,14, 
31/10/2015,91,33,4,14,1
01/11/2015,104,30,3,16,1
02/11/2015,100,30,3,20, 
03/11/2015,80,17,9,20, 
04/11/2015,54,18,8,16, 
05/11/2015,60,11,10,10, 
06/11/2015,38,9,18,6, 
07/11/2015,30,14,14,9, 
08/11/2015,45,15,22,8, 
09/11/2015,35,15,22,8, 
10/11/2015,39,14,18,11, 
11/11/2015,48,14,16,21, 
12/11/2015,41,17,24,9, 
13/11/2015,47,14,24,6, 
14/11/2015,34,18,20,3, 
15/11/2015,31,13,23,9, 
16/11/2015,33,12,26,7, 
17/11/2015,28,21,25,7, 
18/11/2015,39,19,25,9, 
19/11/2015,34,13,20,11, 
20/11/2015,26,9,25,6, 
21/11/2015,20,9,23,8, 
22/11/2015,16,16,17,23, 
23/11/2015,36,12,10,16, 
24/11/2015,55,10,16,16, 
25/11/2015,35,18,10,23, 
27/11/2015,52,15,23,6, 
28/11/2015,26,20,27,4, 
29/11/2015,24,21,25,9, 
30/11/2015,24,18,19,15, 
01/12/2015,22,15,22,13, 
02/12/2015,34,18,14,17,1
03/12/2015,47,16,17,10, 
04/12/2015,35,14,17,8, 
05/12/2015,36,11,20,5, 
06/12/2015,42,19,7,16, 
07/12/2015,65,18,12,16, 
08/12/2015,56,21,17,18, 
09/12/2015,37,14,11,15, 
10/12/2015,49,12,17,13, 
11/12/2015,40,17,22,14, 
12/12/2015,38,15,22,13, 
13/12/2015,30,24,4,16, 
14/12/2015,71,27,1,19, 
15/12/2015,82,19,19,14, 
16/12/2015,40,25,14,14, 
17/12/2015,45,24,10,14, 
18/12/2015,48,20,13,11, 
19/12/2015,56,20,12,8, 
20/12/2015,44,12,22,6, 
21/12/2015,20,9,18,6, 
22/12/2015,22,18,21,10, 
23/12/2015,29,13,21,8, 
24/12/2015,39,13,23,6, 
25/12/2015,33,10,19,5, 
26/12/2015,32,35,15,6, 
27/12/2015,63,28,7,15, 
28/12/2015,63,18,2,18, 
29/12/2015,56,13,12,10, 
30/12/2015,47, , , , 
02/01/2016,51,9,20,6, 
03/01/2016,22,12,20,14, 
01/07/2015,36,33,85,11,1
02/07/2015,59, , , , 
08/07/2015,19,16,23,4, 
09/07/2015,23,16,47,9, 
10/07/2015,43,20,55,7,2
11/07/2015,56,17,21,4, 
12/07/2015,39,11,17,5, 
13/07/2015,15,12,28,4, 
14/07/2015,22,15,21,8, 
15/07/2015,37,10,40,4, 
16/07/2015,25,18,28,5, 
17/07/2015,30,13,34,4, 
18/07/2015,27,11,30,4, 
19/07/2015,29,15,18,9, 
20/07/2015,21,10,28,4, 
21/07/2015,7,15,29,5, 
22/07/2015,10,10,31,3, 
23/07/2015,17,14,38,8, 
24/07/2015,39,15,29,2, 
25/07/2015,32,14,30,4, 
26/07/2015,19,13,27,3, 
27/07/2015,12,17,27,4, 
28/07/2015,13,10,27,3, 
29/07/2015,9,13,25,4, 
30/07/2015,12,10,33,5, 
31/07/2015,14,13,46,5, 
01/08/2015,20,20,60,10,1
02/08/2015,54,20,59,7,1
03/08/2015,30,13,31,6, 
04/08/2015,13,19,47,7, 
05/08/2015,22,20,37,10,1
06/08/2015,31,10,40,9, 
07/08/2015,16, , , , 
10/08/2015,26,13,23,8, 
11/08/2015,26,11,28,4, 
12/08/2015,24,14,57,4, 
13/08/2015,22,13,40,6, 
14/08/2015,16,10,28,6, 
15/08/2015,15,11,23,2, 
16/08/2015,5,6,23,4, 
17/08/2015,8,10,23,7, 
18/08/2015,16,31,34,8, 
19/08/2015,37,15,40,11, 
20/08/2015,44,20,41,15,1
21/08/2015,46,23,55,9, 
22/08/2015,51,27,49,4,1
23/08/2015,52,13,27,7, 
24/08/2015,23,13,23,5, 
25/08/2015,10,11,27,5, 
26/08/2015,8,14,19,9, 
27/08/2015,6,14,26,10, 
28/08/2015,21,15,36,10, 
29/08/2015,29,16,34,5, 
30/08/2015,32,18,30,8, 
31/08/2015,36,11,28,3, 
01/09/2015,10,14,27,8, 
02/09/2015,12,17,24,13, 
03/09/2015,23,11,23,7, 
04/09/2015,19,12,24,5, 
05/09/2015,11,18,24,4, 
06/09/2015,24,10,22,5, 
07/09/2015,8,9,23,5, 
08/09/2015,13,15,25,7, 
09/09/2015,26,18,26,7, 
10/09/2015,21,17,29,8, 
11/09/2015,43,22,23,11, 
12/09/2015,58,32,10,10, 
13/09/2015,54, , , , 
15/09/2015,10,9,21,11, 
16/09/2015,10,11,22,8, 
17/09/2015,12,18,13,13, 
18/09/2015,23,18,27,8, 
19/09/2015,32,15,28,9,1
20/09/2015,33,19,27,11, 
21/09/2015,58,16,20,9, 
22/09/2015,30,15,19,11, 
23/09/2015,24,15,13,13, 
24/09/2015,23,18,17,12, 
25/09/2015,33,24,22,12, 
26/09/2015,47,18,24,7, 
27/09/2015,26,12,17,10, 
28/09/2015,33,13,23,9, 
29/09/2015,39,15,23,7, 
30/09/2015,38,18,24,10, 
01/04/2015,31,15,26,4, 
02/04/2015,31,15,23,9, 
03/04/2015,34,14,29,5, 
04/04/2015,37,9,32,4, 
05/04/2015,32,9,27,7, 
06/04/2015,40,16,26,16,1
07/04/2015,61,25,17,17, 
08/04/2015,84,20,26,14,1
09/04/2015,73,41,35,19,2
10/04/2015,117,39,29,12, 
11/04/2015,84,14,31,9, 
12/04/2015,54,12,27,6, 
13/04/2015,31,24,30,17,1
14/04/2015,55,29,36,13,2
15/04/2015,60,11,29,4, 
16/04/2015,29,12,32,3, 
17/04/2015,21,12,32,4, 
18/04/2015,34,12,34,4, 
19/04/2015,39,17,33,7, 
20/04/2015,53,14,33,5, 
21/04/2015,40,15,32,3, 
22/04/2015,44,14,31,4, 
23/04/2015,47,35,40,15,1
24/04/2015,85,27,25,7, 
25/04/2015,63,11,24,6, 
26/04/2015,39,12,27,2, 
27/04/2015,25,15,24,8, 
28/04/2015,35,18,26,12, 
29/04/2015,46,14,30,5, 
30/04/2015,34,14,33,5, 
01/05/2015,28,14,35,4, 
02/05/2015,31,22,27,5, 
03/05/2015,39,12,29,5, 
04/05/2015,28,20,34,4, 
05/05/2015,27,18,30,6, 
06/05/2015,28,18,29,5, 
07/05/2015,32,20,9,22, 
08/05/2015,61,19, , , 
12/05/2015,31,16,29,8, 
13/05/2015,40,11,32,1, 
14/05/2015,25,17,35,2, 
15/05/2015,35,19,31,7, 
16/05/2015,51,17,33,5,1
17/05/2015,41,15,28,10, 
18/05/2015,47,12,24,6, 
19/05/2015,27,15,30,5,1
20/05/2015,32,15,30,8,2
21/05/2015,46,19,30,11,1
22/05/2015,58,33,34,6,3
23/05/2015,53,18,36,3,1
24/05/2015,46,14,27,3, 
25/05/2015,40,12,25,4, 
26/05/2015,30,16,31,8,1
27/05/2015,49,15,31,6, 
28/05/2015,39,19,34,11, 
29/05/2015,44,8,28,5, 
30/05/2015,26,14,20,7, 
01/06/2015,49,15,24,7, 
02/06/2015,27,23,27,3, 
03/06/2015,36,14,40,10, 
04/06/2015,36,23,54,10, 
05/06/2015,52,13,34,5,1
06/06/2015,35,18,30,4, 
07/06/2015,31,14,30,2, 
08/06/2015,22,15,29,3, 
09/06/2015,29,16,39,3, 
10/06/2015,38,12,51,4, 
11/06/2015,37,13,61,6,1
12/06/2015,48,17,38,5, 
13/06/2015,44,22,37,3, 
14/06/2015,54,10,31,2, 
15/06/2015,21,11,32,4, 
16/06/2015,24,10,32,10, 
17/06/2015,44,16,26,5, 
18/06/2015,34,13,24,4, 
19/06/2015,32,9,22,5, 
20/06/2015,25,15,21,6, 
21/06/2015,50,14,23,7, 
22/06/2015,31,14,24,6, 
23/06/2015,21,17,35,5, 
24/06/2015,40,18,37,11, 
25/06/2015,45,13,37,11,1
26/06/2015,51, ,29,4, 
27/06/2015,35,18,36,7,1
28/06/2015,52,16,28,9, 
29/06/2015,42,12,49,7,1
30/06/2015,36,23,86,8,1
01/01/2015,105,24,24,5, 
02/01/2015,74,19,17,12, 
03/01/2015,53,15,21,11, 
04/01/2015,54,23,6,21, 
05/01/2015,74,26,2,22, 
06/01/2015,82,20,11,18, 
07/01/2015,63,13,16,12, 
08/01/2015,57,11,22,8, 
09/01/2015,47,16,26,3, 
10/01/2015,44,21,27,4, 
11/01/2015,50,20,25,6, 
12/01/2015,46,11,22,7, 
13/01/2015,42,9,26,9, 
14/01/2015,37,9,26,6, 
15/01/2015,42,10,27,2, 
16/01/2015,38,18,15,14,1
17/01/2015,55,19,12,10, 
18/01/2015,66,16,11,21, 
19/01/2015,65,25,8,19, 
20/01/2015,72,41,2,22, 
21/01/2015,94,40,7,13, 
22/01/2015,93,39,3,16, 
23/01/2015,99,46,21,15, 
24/01/2015,107,29,11,18, 
25/01/2015,53,26,23,12, 
26/01/2015,57,23,21,14, 
27/01/2015,38,21,22,12, 
28/01/2015,52,15,21,11, 
29/01/2015,40,11,18,18, 
30/01/2015,38,15,15,16,1
31/01/2015,49, ,17,13, 
01/02/2015,53,12,23,12, 
02/02/2015,38,15,17,18, 
03/02/2015,40,13,17,19, 
04/02/2015,34,12,11,17, 
05/02/2015,45,15,16,7, 
06/02/2015,63,26,25,13, 
07/02/2015,78,31,29,3, 
08/02/2015,61,32,20,11, 
09/02/2015,50,12,23,10, 
10/02/2015,34,17,23,12, 
11/02/2015,55,43,2,22, 
12/02/2015,101,53,13,19, 
13/02/2015,121,41,10,17, 
14/02/2015,93,37,13,11, 
15/02/2015,88,64,3,20,1
16/02/2015,147,63,18,18, 
17/02/2015,135,32,10,26,1
18/02/2015,67,47,11,16, 
19/02/2015,104,43,14,12, 
20/02/2015,97,15,23,8, 
21/02/2015,53,18,23,12, 
22/02/2015,53,14,27,6, 
23/02/2015,47,15,27,9, 
24/02/2015,33,19,12,18, 
25/02/2015,40,23,13,17, 
26/02/2015,65,18,29,6, 
27/02/2015,48,22,26,14, 
28/02/2015,47,15,30,3, 
01/03/2015,42,19,26,8, 
02/03/2015,35,18,18,13, 
03/03/2015,25,18,27,10, 
04/03/2015,26,25,21,17, 
05/03/2015,42,26,19,20, 
06/03/2015,58,30,24,14, 
07/03/2015,73,30,26,11,1
08/03/2015,78,24,21,9,1
09/03/2015,66,24,25,8, 
10/03/2015,66,23,21,17, 
11/03/2015,52,22,23,17,1
12/03/2015,58,27,20,10, 
13/03/2015,70,23,19,6, 
14/03/2015,70,31,14,4, 
15/03/2015,80,29,18,13, 
16/03/2015,82,53,24,23,1
17/03/2015,121,58,24,16, 
18/03/2015,137,61,26,7, 
19/03/2015,147,53,29,10, 
20/03/2015,128,40,27,5, 
21/03/2015,90,9,26,3, 
22/03/2015,39,22,9,22, 
23/03/2015,65,47,21,19,1
24/03/2015,98,44,21,12, 
25/03/2015,102,21,26,12,1
26/03/2015,65,19,25,8, 
27/03/2015,40,27,24,15, 
28/03/2015,53,17,28,4, 
29/03/2015,48,16,29,5, 
30/03/2015,32,17,32,4, 
31/03/2015,34,18,30,4, 
01/10/2014,49,23,13,17, 
02/10/2014,23,20,11,12, 
03/10/2014,12,17,19,14,1
04/10/2014,55,28,21,12, 
05/10/2014,48,17,28,3,1
06/10/2014,47,12,22,7, 
08/10/2014,5,12,18,10,1
10/10/2014,11,21,7,17,1
11/10/2014,23,21,14,12,1
12/10/2014,32,17,16,9, 
13/10/2014,25,13,13,13, 
15/10/2014,12,19,18,11, 
16/10/2014,24,18,11,17, 
17/10/2014,5,14,18,9, 
18/10/2014,7,14,21,6, 
28/10/2014,68,33,9,12, 
29/10/2014,79,28,1,15, 
30/10/2014,69,35,2,17,1
31/10/2014,73,27,10,16,1
01/11/2014,57,28,21,8, 
02/11/2014,53,13,21,7, 
03/11/2014,18,12,20,16,1
04/11/2014,24,23, ,18, 
05/11/2014,60,38,6,17, 
06/11/2014,78,24,12,11, 
07/11/2014,62,14,17,8, 
08/11/2014,42,19,12,10,1
09/11/2014,44,20,15,13,1
10/11/2014,53,22,8,16, 
11/11/2014,57,17,3,18, 
12/11/2014,53,24,4,20, 
13/11/2014,58,24,5,15, 
14/11/2014,62,19,11,14, 
15/11/2014,60,18,14,16, 
16/11/2014,61,13,12,13, 
17/11/2014,52,16,4,12, 
18/11/2014,52,28,3,10, 
19/11/2014,73,28,3,15, 
20/11/2014,76,31,6,13,1
21/11/2014,83,24,2,15, 
22/11/2014,72,29,6,13, 
23/11/2014,71,21,22,19, 
24/11/2014,50,23,9,22, 
25/11/2014,62,21,7,14,1
26/11/2014,68,27, ,14,1
27/11/2014,71,29,2,13,1
28/11/2014,75,37,3,10,1
29/11/2014,89,49,1,11, 
30/11/2014,108,34,3,10, 
01/12/2014,83,43,2,11, 
03/12/2014,118,49,3,11,1
04/12/2014,128,52, ,15,1
05/12/2014,126,30,17,21, 
06/12/2014,82,23,14,16, 
07/12/2014,68,16,16,17, 
08/12/2014,52,16,10,24,1
09/12/2014,62,19,19,12, 
10/12/2014,65,16,21,10, 
11/12/2014,44,12,23,9, 
12/12/2014,39,13,15,16,1
13/12/2014,47,24,7,19,1
14/12/2014,71,19,14,16, 
15/12/2014,69,19,13,19, 
16/12/2014,65,23,14,13,1
17/12/2014,57,15,21,12, 
18/12/2014,51,10,22,10, 
19/12/2014,42,18,26,6, 
20/12/2014,42,22,25,8, 
21/12/2014,47,15,24,6, 
22/12/2014,45,18,24,6, 
23/12/2014,42,10,24,6, 
24/12/2014,36, ,23,7, 
25/12/2014,44, ,13,17, 
26/12/2014,52, ,19,5,1
27/12/2014,61, ,19,10, 
28/12/2014,59, , , , 
03/09/2014,32, ,29,7, 
04/09/2014,46,21,33,9,1
05/09/2014,71,36,24,15, 
06/09/2014,91,46,29,13, 
07/09/2014,79,32,36,5, 
08/09/2014,51,18,26,7,1
09/09/2014,38,17,21,10, 
10/09/2014,30,17,24,4, 
11/09/2014,55,26,26,6, 
12/09/2014,45,16,32,6, 
13/09/2014,49,19,31,4, 
14/09/2014,50,20,25,3, 
15/09/2014,38,17,30,9,1
16/09/2014,58,27,25,12,1
17/09/2014,60,31,32,14,1
18/09/2014,57,29,30,13,1
19/09/2014,50,21,19,13, 
20/09/2014,72,28,31,11, 
21/09/2014,63,22,32,2,3
22/09/2014,42,26,27,4,2
23/09/2014,59,32,22,15,11
24/09/2014,101,43,15,16,4
25/09/2014,50,18,21,10,1
26/09/2014,21,16,16,10, 
27/09/2014,37,20,19,13, 
28/09/2014,59,23,16,15, 
29/09/2014,55,26,6,19,1
30/09/2014,51,29,23,13, 
13/04/2024, ,13,35,2, 
14/04/2024, ,12,36,3, 
15/04/2024, ,11,35,1, 
16/04/2024, ,13,34,4, 
17/04/2024, ,11,37,3, 
18/04/2024, ,11,34,2, 
19/04/2024, ,13,35,1, 
20/04/2024, ,10,34,1, 
21/04/2024, ,8,38,3, 
22/04/2024, ,26,37,4, 
23/04/2024, ,14,34,2, 
24/04/2024, ,11,32,5, 
25/04/2024, ,10,36,4, 
24/10/2023, ,10, ,9, 
31/07/2023, ,11,24,2, 
04/08/2023, ,10,24,4, 
05/08/2023, ,9,28,2, 
08/08/2023, ,10,31,3, 
25/10/2022, ,13,17,7, 
01/10/2021, ,12,20,4, 
02/10/2021, ,7,25,3, 
03/10/2021, ,7,25,3, 
04/10/2021, ,11,22,4, 
05/10/2021, ,10,21,4, 
06/10/2021, ,9,22,5, 
07/10/2021, ,11,16,9, 
08/10/2021, ,11,20,8, 
09/10/2021, ,26,18,7, 
10/10/2021, ,28,21,7, 
11/10/2021, ,14,20,7, 
12/10/2021, ,12,24,6, 
13/10/2021, ,13,24,10, 
14/10/2021, ,12,14,8, 
15/10/2021, ,13,26,6, 
16/10/2021, ,20,19,12, 
17/10/2021, ,16,20,10, 
18/10/2021, ,20,11,11, 
19/10/2021, ,13,12,6, 
20/10/2021, ,14,23,5, 
21/10/2021, ,12,26,3, 
22/10/2021, ,17,25,6, 
23/10/2021, ,17,9,12, 
24/10/2021, ,14,17,7, 
25/10/2021, ,18,7,11, 
26/10/2021, ,18,17,8, 
27/10/2021, ,14,17,7, 
28/10/2021, ,14,14,8, 
29/10/2021, ,16,23,6, 
30/10/2021, ,10,20,4, 
31/10/2021, ,12,22,4, 
01/11/2021, ,19,21,5, 
02/11/2021, ,10,17,9, 
03/11/2021, ,18,4,15, 
04/11/2021, ,12,10,17, 
05/11/2021, ,14,19,11, 
06/11/2021, ,16,17,8, 
07/11/2021, ,18,23,3, 
08/11/2021, ,20,14,11, 
09/11/2021, ,26,9,16, 
10/11/2021, ,33,2,20, 
11/11/2021, ,35,2,18, 
12/11/2021, ,33,8,14, 
13/11/2021, ,13,11,8, 
14/11/2021, ,16,13,6, 
15/11/2021, ,14,16,4, 
16/11/2021, ,32,11,7, 
17/11/2021, ,24,19,11, 
18/11/2021, ,25,13,12, 
19/11/2021, ,15,16,11, 
20/11/2021, ,16,16,7, 
21/11/2021, ,13,21,3, 
22/11/2021, ,14,16,11, 
23/11/2021, ,14,18,16, 
24/11/2021, ,18,9,15, 
25/11/2021, ,25,12,15, 
26/11/2021, ,11,15,9, 
27/11/2021, ,10,15,14, 
28/11/2021, ,13,17,12, 
29/11/2021, ,10,19,10, 
30/11/2021, ,10,17,7, 
01/12/2021, ,9,22,4, 
02/12/2021, ,8,23,8, 
03/12/2021, ,12,17,9, 
04/12/2021, ,13,20,8, 
05/12/2021, ,12,16,6, 
03/09/2021, ,14,31,10, 
04/09/2021, ,17,35,12, 
05/09/2021, ,20,37,16, 
06/09/2021, ,25,45,18, 
29/09/2021, ,11,17,6, 
30/09/2021, ,11,19,6, 
27/11/2020, ,21,8,15, 
28/11/2020, ,22,10,12, 
22/12/2020, ,10,21,11, 
31/03/2020, ,8,31,8, 
31/12/2019, ,86,5,12, 
07/11/2019, ,17,11,13, 
31/12/2018, ,77,31,4, 
05/01/2018, ,14,17,12, 
06/01/2017, ,25, , , 
07/01/2017, ,17, , , 
08/01/2017, ,27,1,17, 
14/03/2017, ,26,26,16, 
15/03/2017, ,38,26,24,1
16/03/2017, ,15,27,7, 
17/03/2017, ,13,24,7, 
18/03/2017, ,18,25,5, 
19/03/2017, ,16,23,7, 
20/03/2017, ,13,30,9, 
21/03/2017, ,18,26,14,1
24/11/2016, ,12,11,12, 
16/03/2016, ,25,27,8, 
17/03/2016, ,13,32,4, 
26/11/2015, ,20,11,22, 
01/01/2016, ,11,11,10, 
07/07/2015, ,15,22,4, 
09/08/2015, ,23,27,8,1
14/09/2015, ,13,20,7, 
09/05/2015, ,17, , , 
10/05/2015, ,25, , , 
11/05/2015, ,16,34,6,1
31/05/2015, ,16,26,7, 
31/12/2014, ,66,15,13, 
07/10/2014, ,11,15,12, 
14/10/2014, ,15,17,11,1
19/10/2014, ,18,21,8,1
20/10/2014, ,16,22,8, 
21/10/2014, ,16,25,6,1
22/10/2014, ,22,12,16,1
23/10/2014, ,25,9,14, 
24/10/2014, ,21,15,10, 
25/10/2014, ,15,19,12, 
26/10/2014, ,19,14,17,1
27/10/2014, ,26,4,13, 
02/12/2014, ,46,7,11, 
01/07/2014, ,10,32,7, 
02/07/2014, ,12,57,14,1
03/07/2014, ,16,54,15,1
04/07/2014, ,20,30,6, 
05/07/2014, ,18,21,3, 
06/07/2014, ,12,21,3, 
07/07/2014, ,15,28,6,1
08/07/2014, ,17,24,8, 
09/07/2014, ,13,24,4, 
10/07/2014, ,19,40,5, 
11/07/2014, ,25,33,9,1
12/07/2014, ,23,42,3,1
13/07/2014, ,21,35,4, 
14/07/2014, ,14,26,5,1
15/07/2014, ,15,20,8, 
16/07/2014, ,13,38,8,1
17/07/2014, ,10,45,10,2
18/07/2014, ,23,75,7, 
19/07/2014, ,25,74,7,1
20/07/2014, ,27,35,6, 
21/07/2014, ,20,35,6, 
22/07/2014, ,17,40,4, 
23/07/2014, ,16,41,4, 
24/07/2014, ,22,38,5, 
25/07/2014, ,56,29,6, 
26/07/2014, ,34,40,5, 
27/07/2014, ,18,29,3,1
28/07/2014, ,16,33,5, 
29/07/2014, ,17,34,3, 
30/07/2014, ,12,26,4, 
31/07/2014, ,16,31,10,1
01/08/2014, ,22,34,13,1
02/08/2014, ,26,30,10, 
03/08/2014, ,18,22,7, 
04/08/2014, ,11,20,8, 
05/08/2014, ,15,20,12,1
06/08/2014, ,19,14,13, 
07/08/2014, ,20,15,11, 
08/08/2014, ,16,15,14,1
09/08/2014, ,18,21,6, 
10/08/2014, ,18,15,9,1
12/08/2014, ,12,19,9,1
13/08/2014, ,14,17,10, 
14/08/2014, ,15,17,10, 
15/08/2014, ,21,16,13, 
16/08/2014, ,11,16,10, 
18/08/2014, ,11,13,9, 
19/08/2014, ,15,13,13, 
20/08/2014, ,11,20,13, 
21/08/2014, ,10,24,9, 
22/08/2014, ,11,21,8, 
23/08/2014, ,11,28,8, 
24/08/2014, ,10,29,4,1
25/08/2014, ,14,18,16,1
26/08/2014, ,21,15,8, 
28/08/2014, ,20,16,11, 
29/08/2014, ,20,26,7, 
30/08/2014, ,23,22,5, 
31/08/2014, ,18,25,5, 
01/09/2014, ,16,10,13, 
02/09/2014, ,16, , , 
01/04/2014, ,49,31,21,1
02/04/2014, ,54,27,12,1
03/04/2014, ,52,9,23, 
04/04/2014, ,45,25,13,1
05/04/2014, ,36,14,13,1
06/04/2014, ,22,20,9,1
07/04/2014, ,11,29,7, 
08/04/2014, ,11,31,12,2
09/04/2014, ,15,17,18,1
10/04/2014, ,20,32,8, 
11/04/2014, ,19,28,8,1
12/04/2014, ,11,29,6,1
13/04/2014, ,18,30,4, 
14/04/2014, ,17,33,4, 
15/04/2014, ,18,28,11,1
16/04/2014, ,18,29,18,1
17/04/2014, ,17,32,4, 
18/04/2014, ,17,35,3, 
19/04/2014, ,13,41,5, 
20/04/2014, ,28,31,6, 
21/04/2014, ,40,35,10, 
22/04/2014, ,22,32,19,1
23/04/2014, ,21,26,13,2
24/04/2014, ,25,38,8,1
25/04/2014, ,24,31,7,1
26/04/2014, ,23,29,8, 
27/04/2014, ,14,27,8,1
28/04/2014, ,11,29,8,1
29/04/2014, ,16,28,12,1
30/04/2014, ,31,35,8,1
01/05/2014, ,37,32,5, 
02/05/2014, ,22,37,3, 
03/05/2014, ,9,37,8, 
04/05/2014, ,11,34,10,1
05/05/2014, ,13,31,14,1
06/05/2014, ,21,28,7, 
07/05/2014, ,17,24,9, 
08/05/2014, ,19,31,7, 
09/05/2014, ,13,24,8, 
10/05/2014, ,22,28,4, 
11/05/2014, ,19,28,7, 
12/05/2014, ,12,33,8, 
13/05/2014, ,10,31,7, 
14/05/2014, ,12,29,2, 
15/05/2014, ,11, ,4, 
16/05/2014, ,11, ,10, 
17/05/2014, ,10, , ,1
18/05/2014, ,13,49,6,1
19/05/2014, ,12,42,9, 
20/05/2014, ,18,33,10,1
21/05/2014, ,16,36,9,1
22/05/2014, ,15,30,9,1
23/05/2014, ,14,36,7,1
24/05/2014, ,16,33,6,1
25/05/2014, ,10,31,9, 
26/05/2014, ,13,26,9, 
27/05/2014, ,13,18,12, 
28/05/2014, ,17,12,5, 
29/05/2014, ,6,28,5, 
30/05/2014, ,10,29,4,1
31/05/2014, ,12,37,5, 
01/06/2014, ,15,44,8,1
02/06/2014, ,14,34,10,2
03/06/2014, ,18,21,10, 
04/06/2014, ,18,27,6,1
05/06/2014, ,12,43,9,2
06/06/2014, ,15,52,8,1
07/06/2014, ,17,39,6, 
08/06/2014, ,19,42,5, 
09/06/2014, ,15,26,16,1
10/06/2014, ,18,16,11,1
11/06/2014, ,19,36,9, 
12/06/2014, ,16,32,6,1
13/06/2014, ,14,32,2, 
14/06/2014, ,13,32,2, 
15/06/2014, ,15,28,3, 
16/06/2014, ,13,30,3, 
17/06/2014, ,18,21,4, 
18/06/2014, ,17,19,5, 
19/06/2014, ,10,18,4, 
20/06/2014, ,14,32,6,1
21/06/2014, ,12,25,3,1
22/06/2014, ,12,26,5,1
23/06/2014, ,8,28,6, 
24/06/2014, ,8,31,3, 
25/06/2014, ,8,40,7, 
26/06/2014, ,13,31,12,1
27/06/2014, ,17,26,5, 
28/06/2014, ,15,33,4, 
29/06/2014, ,16,28,5, 
30/06/2014, ,9,29,6, 
30/01/2014, ,38,17,21,1
31/01/2014, ,48,22,6, 
01/02/2014, ,22,18,8, 
02/02/2014, ,17,11,17,1
03/02/2014, ,22,8,11, 
04/02/2014, ,20,23,8, 
05/02/2014, ,14,24,7, 
06/02/2014, ,16,17,9, 
07/02/2014, ,13,24,6, 
08/02/2014, ,11,27,3, 
09/02/2014, ,10,18,16, 
10/02/2014, ,11,21,12, 
11/02/2014, ,14,24,9, 
12/02/2014, ,15,25,11, 
13/02/2014, ,13,17,11, 
14/02/2014, ,15,28,2, 
15/02/2014, ,11,21,6, 
16/02/2014, ,17,12,18,1
17/02/2014, ,21,7,19, 
18/02/2014, ,18,9,17, 
19/02/2014, ,22,13,14, 
20/02/2014, ,16,24,8, 
21/02/2014, ,10,22,9,1
22/02/2014, ,13,22,6, 
23/02/2014, ,14,17,12, 
24/02/2014, ,10,23,11, 
25/02/2014, ,15,18,15, 
26/02/2014, ,15,16,16, 
27/02/2014, ,20,16,16, 
28/02/2014, ,18,17,9, 
01/03/2014, ,18,26,8, 
02/03/2014, ,16,20,14, 
03/03/2014, ,15,15,19, 
04/03/2014, ,19,20,26, 
05/03/2014, ,26,10,29,1
06/03/2014, ,35,18,21, 
07/03/2014, ,42,17,13, 
08/03/2014, ,35,30,13,1
09/03/2014, ,42,27,17,1
10/03/2014, ,42,22,6, 
11/03/2014, ,41,18,18,2
12/03/2014, ,29,22,20,1
13/03/2014, ,51,18,15, 
14/03/2014, ,51,29,6, 
15/03/2014, ,45,25,7, 
16/03/2014, ,21,20,10, 
17/03/2014, ,19,21,10, 
18/03/2014, ,22,25,9, 
19/03/2014, ,20,30,11, 
20/03/2014, ,24,27,11, 
21/03/2014, ,18,29,9, 
22/03/2014, ,14,27,6, 
23/03/2014, ,14,25,9, 
24/03/2014, ,13,25,14,1
25/03/2014, ,19,26,11, 
26/03/2014, ,15,25,10, 
27/03/2014, ,18,28,9,1
28/03/2014, ,25,31,12, 
29/03/2014, ,36,30,17,2
30/03/2014, ,31,35,13,1
31/03/2014, ,36,28,17,3
09/10/2014, , ,16,12,1
11/08/2014, , ,15,7,1
17/08/2014, , ,15,8,1
27/08/2014, , ,31,8,1
29/01/2014, , ,4,17,1
